,process_num,iso_level,anomaly,txn_proceeded,txn_succeeded,txn_correct,txn_retries,retry_time,avg_latency,50_percentile_latency,95_percentile_latency,99_percentile_latency
0,1,RC,LU,2,2,1,0,0,0.0041664059999999975,0.0041664059999999975,0.004492781099999996,0.004521792219999996
746,1,S,WS,2,1,2,1,1,0.05645439100000001,0.05645439100000001,0.10431685720000002,0.10857129864000002
478,1,RC,RS,2,2,2,0,0,0.0034117985000000003,0.0034117985000000003,0.0034145403499999997,0.00341478407
425,1,S,PR,2,2,2,0,0,0.010069656500000003,0.010069656500000003,0.01594329365,0.01646539473
213,1,RR,NR,2,2,2,0,0,0.0029755574999999965,0.0029755574999999965,0.0031919143499999935,0.003211146069999993
159,1,RC,NR,2,2,2,0,0,0.0028817610000000035,0.0028817610000000035,0.0030957432000000016,0.0031147638400000014
532,1,RR,RS,2,2,2,0,0,0.002975899500000004,0.002975899500000004,0.003368386350000001,0.0034032740700000006
53,1,RR,LU,2,1,2,1,1,0.056341901,0.056341901,0.10332619489999999,0.10750257658
372,1,RR,PR,2,2,2,0,0,0.010245363000000007,0.010245363000000007,0.015989456400000015,0.016500042480000015
586,1,S,RS,2,2,2,0,0,0.0032729769999999964,0.0032729769999999964,0.003692270799999997,0.003729541359999997
692,1,RR,WS,2,1,2,1,1,0.05625103149999999,0.05625103149999999,0.10342295964999998,0.10761601992999999
106,1,S,LU,2,1,2,1,1,0.056342089500000005,0.056342089500000005,0.10366435995,0.10787078399000001
265,1,S,NR,2,2,2,0,0,0.0030586490000000036,0.0030586490000000036,0.0034167365000000024,0.0034485665000000025
318,1,RC,PR,2,2,1,0,0,0.009855994999999992,0.009855994999999992,0.015544385599999992,0.016050020319999993
639,1,RC,WS,2,2,2,0,0,0.0035664804999999966,0.0035664804999999966,0.0041424296499999996,0.00419362513
650,2,RC,WS,2,2,1,0,0,0.004983798499999997,0.004983798499999997,0.005245320049999997,0.005268566409999996
171,2,RC,NR,2,2,2,0,0,0.003224540000000012,0.003224540000000012,0.003616000400000012,0.003650796880000012
649,2,RC,WS,2,2,1,0,0,0.004489031500000004,0.004489031500000004,0.005264792350000001,0.005333748870000001
488,2,RC,RS,2,2,2,0,0,0.0029246905000000073,0.0029246905000000073,0.0032241020500000093,0.0032507164100000095
489,2,RC,RS,2,2,2,0,0,0.0030382360000000136,0.0030382360000000136,0.0032317513000000115,0.0032489526600000115
596,2,S,RS,2,2,2,0,0,0.0029444404999999785,0.0029444404999999785,0.0032736447499999736,0.0033029073499999733
597,2,S,RS,2,2,2,0,0,0.002895959999999996,0.002895959999999996,0.0032890602000000013,0.0033240024400000017
544,2,RR,RS,2,2,2,0,0,0.003262197999999994,0.003262197999999994,0.003581727699999998,0.0036101303399999982
65,2,RR,LU,2,1,2,1,1,0.056503843,0.056503843,0.1039501528,0.10816760256
704,2,RR,WS,2,1,2,1,1,0.056563403,0.056563403,0.10489045549999998,0.10918619349999999
703,2,RR,WS,2,1,2,1,1,0.0568265945,0.0568265945,0.10501427975,0.10929762955
757,2,S,WS,2,0,2,2,2,0.10800972,0.10800972,0.108256914,0.1082788868
116,2,S,LU,2,0,2,2,2,0.10792159800000001,0.10792159800000001,0.10914061650000001,0.1092489737
115,2,S,LU,2,1,2,1,1,0.05550789850000001,0.05550789850000001,0.10150486675,0.10559348615000001
64,2,RR,LU,2,1,2,1,1,0.0562887105,0.0562887105,0.10357947734999999,0.10778310107
543,2,RR,RS,2,1,2,1,1,0.056660342,0.056660342,0.104669087,0.108936531
758,2,S,WS,2,2,2,0,0,0.003796181999999995,0.003796181999999995,0.004078891799999995,0.004104021559999995
170,2,RC,NR,2,2,2,0,0,0.002696542499999996,0.002696542499999996,0.0029527387500000004,0.0029755117500000006
224,2,RR,NR,2,1,2,1,1,0.05538751050000001,0.05538751050000001,0.10238188755,0.10655916551
383,2,RR,PR,2,2,2,0,0,0.011203778500000004,0.011203778500000004,0.01696938235000001,0.017481880470000013
11,2,RC,LU,2,2,1,0,0,0.004381577499999997,0.004381577499999997,0.004606781350000003,0.004626799470000003
10,2,RC,LU,2,2,0,0,0,0.004422066500000002,0.004422066500000002,0.004880391950000004,0.004921131990000004
384,2,RR,PR,2,1,2,1,1,0.06285974449999998,0.06285974449999998,0.10379399314999999,0.10743259303
436,2,S,PR,2,1,2,1,1,0.0633107595,0.0633107595,0.10491294764999999,0.10861091993
225,2,RR,NR,2,2,2,0,0,0.002862077999999997,0.002862077999999997,0.003168568500000001,0.0031958121000000015
329,2,RC,PR,2,2,1,0,0,0.010969103999999986,0.010969103999999986,0.017620040099999984,0.018211234419999982
328,2,RC,PR,2,2,1,0,0,0.011435206500000003,0.011435206500000003,0.01857426885000001,0.01920885217000001
276,2,S,NR,2,1,2,1,1,0.056024844500000004,0.056024844500000004,0.10347243455,0.10768999811
277,2,S,NR,2,2,2,0,0,0.003370508500000001,0.003370508500000001,0.003794111050000001,0.0038317646100000007
437,2,S,PR,2,2,2,0,0,0.010423383000000001,0.010423383000000001,0.01641509340000001,0.016947689880000012
600,3,S,RS,2,2,2,0,0,0.003322569499999997,0.003322569499999997,0.003784412150000009,0.0038254648300000103
599,3,S,RS,2,2,2,0,0,0.003586743999999989,0.003586743999999989,0.0038242332999999977,0.0038453434599999984
598,3,S,RS,2,2,2,0,0,0.003510797499999996,0.003510797499999996,0.00404301205,0.0040903200100000005
118,3,S,LU,2,1,2,1,1,0.056286521500000006,0.056286521500000006,0.10373733625,0.10795518645000002
331,3,RC,PR,2,2,1,0,0,0.015417296499999997,0.015417296499999997,0.02567017254999999,0.026581539309999992
332,3,RC,PR,2,2,1,0,0,0.01399603649999999,0.01399603649999999,0.023264344049999983,0.024088193609999982
228,3,RR,NR,2,2,2,0,0,0.0030653329999999895,0.0030653329999999895,0.003128089999999993,0.0031336683999999932
227,3,RR,NR,2,2,2,0,0,0.002593573000000002,0.002593573000000002,0.0032879023000000076,0.0033496204600000083
117,3,S,LU,2,2,2,0,0,0.0038236524999999966,0.0038236524999999966,0.004370755750000008,0.004419387150000008
651,3,RC,WS,2,2,2,0,0,0.0040171605000000055,0.0040171605000000055,0.004847754750000005,0.004921585350000005
330,3,RC,PR,2,2,1,0,0,0.014004020999999992,0.014004020999999992,0.02197516259999999,0.02268370851999999
174,3,RC,NR,2,2,2,0,0,0.003010713500000012,0.003010713500000012,0.004128349250000004,0.004227694650000004
173,3,RC,NR,2,2,2,0,0,0.003240472500000008,0.003240472500000008,0.0037378057500000116,0.003782013150000012
440,3,S,PR,2,2,2,0,0,0.013408468500000006,0.013408468500000006,0.02276255865000001,0.023594033330000014
172,3,RC,NR,2,2,2,0,0,0.0029693590000000047,0.0029693590000000047,0.0029864770000000125,0.002987998600000013
439,3,S,PR,2,2,2,0,0,0.013858900000000007,0.013858900000000007,0.02317693030000001,0.02400519966000001
652,3,RC,WS,2,2,2,0,0,0.006347552999999992,0.006347552999999992,0.007016296200000001,0.007075740040000002
438,3,S,PR,2,2,2,0,0,0.013831577499999997,0.013831577499999997,0.021664555150000004,0.022360819830000003
490,3,RC,RS,2,2,2,0,0,0.0029162495000000094,0.0029162495000000094,0.0036098475500000128,0.003671500710000013
491,3,RC,RS,2,2,2,0,0,0.0027498494999999984,0.0027498494999999984,0.003371137949999993,0.0034263635899999924
226,3,RR,NR,2,2,2,0,0,0.005524022499999989,0.005524022499999989,0.006765377649999997,0.006875720329999998
492,3,RC,RS,2,2,2,0,0,0.0021787189999999956,0.0021787189999999956,0.0022738993999999817,0.0022823598799999807
386,3,RR,PR,2,2,2,0,0,0.011713667499999997,0.011713667499999997,0.018240408549999997,0.018820563309999996
385,3,RR,PR,2,1,2,1,1,0.06384988949999999,0.06384988949999999,0.10446003644999997,0.10806982728999998
545,3,RR,RS,2,2,2,0,0,0.0029692600000000152,0.0029692600000000152,0.0033090955000000103,0.0033393031000000096
546,3,RR,RS,2,2,2,0,0,0.002891532500000002,0.002891532500000002,0.003363494750000008,0.0034054469500000087
547,3,RR,RS,2,1,2,1,1,0.05533126899999999,0.05533126899999999,0.10270758399999999,0.10691881199999999
278,3,S,NR,2,2,2,0,0,0.0033647470000000013,0.0033647470000000013,0.004042686400000004,0.004102947680000003
119,3,S,LU,2,1,2,1,1,0.055831059,0.055831059,0.10236394439999999,0.10650020087999999
387,3,RR,PR,2,2,2,0,0,0.012850510499999995,0.012850510499999995,0.021261074849999992,0.02200868056999999
653,3,RC,WS,2,2,2,0,0,0.0038512005000000127,0.0038512005000000127,0.004454280150000012,0.004507887230000012
279,3,S,NR,4,4,4,0,0,0.0036582790000000073,0.0024993065000000064,0.006789026700000011,0.007349866140000011
13,3,RC,LU,2,2,2,0,0,0.003568822499999999,0.003568822499999999,0.003679298850000003,0.003689118970000003
68,3,RR,LU,2,2,2,0,0,0.003472170999999996,0.003472170999999996,0.0037213575999999805,0.003743507519999979
67,3,RR,LU,2,2,2,0,0,0.0033075424999999964,0.0033075424999999964,0.0037449519500000043,0.003783832790000005
66,3,RR,LU,2,1,2,1,1,0.05620969000000001,0.05620969000000001,0.1033076512,0.10749413664000002
760,3,S,WS,2,2,2,0,0,0.003235485499999996,0.003235485499999996,0.0037437366499999984,0.0037889145299999987
759,3,S,WS,2,2,2,0,0,0.003006204999999998,0.003006204999999998,0.0032451162999999825,0.003266352859999981
14,3,RC,LU,2,2,0,0,0,0.0038210099999999997,0.0038210099999999997,0.004433867699999998,0.004488343939999998
706,3,RR,WS,2,0,2,2,2,0.10739224750000002,0.10739224750000002,0.10760664055000001,0.10762569771000001
705,3,RR,WS,2,2,2,0,0,0.0034809759999999967,0.0034809759999999967,0.003913560999999996,0.0039520129999999955
761,3,S,WS,2,2,2,0,0,0.002871698000000006,0.002871698000000006,0.003115733900000003,0.003137425980000003
707,3,RR,WS,2,2,2,0,0,0.003305708500000004,0.003305708500000004,0.0034478198500000057,0.003460451970000006
12,3,RC,LU,2,2,1,0,0,0.0033006475000000174,0.0033006475000000174,0.0033343844500000205,0.0033373832900000207
495,4,RC,RS,2,2,2,0,0,0.002360079000000001,0.002360079000000001,0.0026460908999999993,0.002671514179999999
549,4,RR,RS,2,2,2,0,0,0.0031267110000000042,0.0031267110000000042,0.003858144600000002,0.003923160920000002
548,4,RR,RS,2,2,2,0,0,0.0025093389999999993,0.0025093389999999993,0.002992801899999997,0.003035776379999997
442,4,S,PR,2,1,2,1,1,0.067617546,0.067617546,0.1045411575,0.10782325629999999
443,4,S,PR,2,1,2,1,1,0.06560435649999999,0.06560435649999999,0.10389678564999998,0.10730055712999999
444,4,S,PR,2,1,2,1,1,0.06635646849999999,0.06635646849999999,0.10283353914999997,0.10607594542999997
177,4,RC,NR,2,2,2,0,0,0.0028974294999999928,0.0028974294999999928,0.0033079523500000015,0.0033444432700000023
176,4,RC,NR,2,2,2,0,0,0.005062162000000009,0.005062162000000009,0.005161207900000009,0.005170011980000009
708,4,RR,WS,2,2,2,0,0,0.003326298499999991,0.003326298499999991,0.0034683927500000016,0.0034810233500000027
709,4,RR,WS,2,2,2,0,0,0.0025303765000000006,0.0025303765000000006,0.0025436159500000013,0.0025447927900000013
710,4,RR,WS,2,2,2,0,0,0.0031388349999999926,0.0031388349999999926,0.003275872599999992,0.003288053719999992
711,4,RR,WS,2,1,2,1,1,0.05476465800000001,0.05476465800000001,0.10094619420000002,0.10505121964000003
493,4,RC,RS,2,2,2,0,0,0.0029296055000000154,0.0029296055000000154,0.0029988672500000173,0.0030050238500000177
496,4,RC,RS,2,2,2,0,0,0.0028358680000000053,0.0028358680000000053,0.0029978293,0.00301222586
494,4,RC,RS,2,2,2,0,0,0.003594909500000007,0.003594909500000007,0.004177183850000004,0.004228941570000003
175,4,RC,NR,2,2,2,0,0,0.0033470455000000066,0.0033470455000000066,0.004073518750000005,0.004138094150000005
178,4,RC,NR,2,2,2,0,0,0.0029455020000000026,0.0029455020000000026,0.003297906000000002,0.003329230800000002
762,4,S,WS,2,1,2,1,1,0.054707897000000005,0.054707897000000005,0.10149500900000001,0.1056538634
763,4,S,WS,2,1,2,1,1,0.0555722785,0.0555722785,0.10154934054999999,0.10563619050999999
280,4,S,NR,2,2,2,0,0,0.0023430029999999963,0.0023430029999999963,0.0028817249999999973,0.0029296113999999975
281,4,S,NR,2,1,2,1,1,0.05561701049999998,0.05561701049999998,0.10404160724999997,0.10834601584999998
282,4,S,NR,2,2,2,0,0,0.0031060430000000028,0.0031060430000000028,0.0034012763000000057,0.003427519260000006
283,4,S,NR,2,2,2,0,0,0.002477843500000007,0.002477843500000007,0.0028077902499999987,0.002837118849999998
333,4,RC,PR,2,2,2,0,0,0.016111883000000007,0.016111883000000007,0.02818285850000001,0.02925583410000001
334,4,RC,PR,2,2,2,0,0,0.018824143999999987,0.018824143999999987,0.02203584169999999,0.02232132593999999
335,4,RC,PR,2,2,1,0,0,0.01712414050000001,0.01712414050000001,0.028937710150000018,0.02998780523000002
336,4,RC,PR,2,2,1,0,0,0.01311461600000001,0.01311461600000001,0.020557607000000002,0.0212192062
232,4,RR,NR,2,2,2,0,0,0.0033977325000000003,0.0033977325000000003,0.0036247867500000057,0.0036449693500000065
231,4,RR,NR,2,2,2,0,0,0.0026139074999999984,0.0026139074999999984,0.0030734335500000056,0.0031142803100000062
441,4,S,PR,2,2,2,0,0,0.01500509650000001,0.01500509650000001,0.025029525550000008,0.02592058591000001
230,4,RR,NR,2,2,2,0,0,0.002555722999999996,0.002555722999999996,0.002676901699999999,0.0026876731399999997
15,4,RC,LU,2,2,1,0,0,0.014790965000000003,0.014790965000000003,0.022737256699999993,0.02344359373999999
16,4,RC,LU,2,2,1,0,0,0.006187157999999998,0.006187157999999998,0.0067082723999999875,0.006754593679999987
17,4,RC,LU,2,2,0,0,0,0.012598196500000006,0.012598196500000006,0.014903780050000003,0.015108720810000002
18,4,RC,LU,2,2,0,0,0,0.007187259499999987,0.007187259499999987,0.007319286349999976,0.007331022069999975
388,4,RR,PR,2,2,2,0,0,0.013638045499999987,0.013638045499999987,0.022976918449999984,0.023807040489999983
389,4,RR,PR,2,1,2,1,1,0.0648458485,0.0648458485,0.10280489515,0.10617903263000002
390,4,RR,PR,2,1,2,1,1,0.06576633999999999,0.06576633999999999,0.10396194849999998,0.10735711369999999
391,4,RR,PR,2,2,2,0,0,0.01282520899999999,0.01282520899999999,0.020994778999999988,0.021720962999999986
765,4,S,WS,2,2,2,0,0,0.0032886040000000005,0.0032886040000000005,0.0037545717999999894,0.0037959911599999884
764,4,S,WS,2,2,2,0,0,0.003390533000000001,0.003390533000000001,0.0038541301999999887,0.003895338839999988
229,4,RR,NR,2,1,2,1,1,0.05540339,0.05540339,0.10271824669999997,0.10692401173999998
551,4,RR,RS,2,2,2,0,0,0.0020202349999999952,0.0020202349999999952,0.0023421631999999983,0.0023707790399999985
550,4,RR,RS,2,2,2,0,0,0.0023887850000000044,0.0023887850000000044,0.0029117425999999973,0.0029582277199999966
120,4,S,LU,2,1,2,1,1,0.0639209205,0.0639209205,0.11228363235000001,0.11658254007
71,4,RR,LU,2,1,2,1,1,0.05937572399999999,0.05937572399999999,0.10448500919999998,0.10849472343999998
121,4,S,LU,2,1,2,1,1,0.05763839300000001,0.05763839300000001,0.1029484268,0.10697598536000001
122,4,S,LU,2,2,2,0,0,0.0038194985000000042,0.0038194985000000042,0.003885509450000006,0.0038913770900000063
70,4,RR,LU,2,1,2,1,1,0.059941323000000005,0.059941323000000005,0.1079312688,0.11219704175999999
654,4,RC,WS,2,2,2,0,0,0.006385427999999985,0.006385427999999985,0.008161170299999977,0.008319014059999977
655,4,RC,WS,2,2,2,0,0,0.007690093000000009,0.007690093000000009,0.008718219700000016,0.008809608740000016
72,4,RR,LU,2,0,2,2,2,0.111498951,0.111498951,0.11323455059999998,0.11338882611999998
123,4,S,LU,2,1,2,1,1,0.05579959200000001,0.05579959200000001,0.10275156060000001,0.10692506892000002
656,4,RC,WS,4,4,4,0,0,0.005945239250000005,0.004880019499999999,0.008749648300000008,0.00926855206000001
69,4,RR,LU,2,1,2,1,1,0.05628195200000001,0.05628195200000001,0.10393684850000003,0.10817283930000003
601,4,S,RS,2,2,2,0,0,0.0035513824999999916,0.0035513824999999916,0.0038358342499999988,0.0038611188499999994
602,4,S,RS,2,2,2,0,0,0.00906135349999998,0.00906135349999998,0.011436150649999978,0.011647243729999979
603,4,S,RS,2,2,2,0,0,0.006710865499999996,0.006710865499999996,0.00912034505,0.009334521010000001
604,4,S,RS,2,1,2,1,1,0.0569994415,0.0569994415,0.10566552534999998,0.10999139946999999
394,5,RR,PR,2,1,2,1,1,0.07500008450000001,0.07500008450000001,0.11387625185,0.11733191117
19,5,RC,LU,2,2,2,0,0,0.007447886000000001,0.007447886000000001,0.011654611100000007,0.012028542220000008
20,5,RC,LU,2,2,1,0,0,0.011559971500000016,0.011559971500000016,0.016169061850000017,0.016578758770000018
21,5,RC,LU,2,2,1,0,0,0.002990398499999991,0.002990398499999991,0.003480500249999979,0.0035240648499999783
22,5,RC,LU,2,2,0,0,0,0.005172462999999988,0.005172462999999988,0.00565924059999999,0.00570250971999999
609,5,S,RS,2,2,2,0,0,0.021002445000000036,0.021002445000000036,0.03137282730000003,0.03229463906000003
608,5,S,RS,2,1,2,1,1,0.07181309050000001,0.07181309050000001,0.12571890415,0.13051053203000001
607,5,S,RS,2,1,2,1,1,0.06248342849999999,0.06248342849999999,0.10614938594999995,0.11003080438999996
606,5,S,RS,2,2,2,0,0,0.02398847500000001,0.02398847500000001,0.02771946009999999,0.028051103219999984
605,5,S,RS,2,1,2,1,1,0.061252904999999996,0.061252904999999996,0.10717255469999998,0.11125430133999999
766,5,S,WS,2,2,2,0,0,0.009546198499999992,0.009546198499999992,0.009789075650000012,0.009810664730000014
392,5,RR,PR,2,2,2,0,0,0.01885432150000002,0.01885432150000002,0.027631189450000006,0.028411355490000005
396,5,RR,PR,2,1,2,1,1,0.07109714050000002,0.07109714050000002,0.10973855545,0.11317334789
23,5,RC,LU,2,2,1,0,0,0.004118207999999998,0.004118207999999998,0.004331844599999997,0.004350834519999997
393,5,RR,PR,2,1,2,1,1,0.07187516900000002,0.07187516900000002,0.10875707900000002,0.11203547100000003
395,5,RR,PR,2,2,2,0,0,0.019811307500000014,0.019811307500000014,0.029260344050000015,0.030100258410000018
73,5,RR,LU,2,1,2,1,1,0.05571247350000004,0.05571247350000004,0.10256705175000003,0.10673190315000003
556,5,RR,RS,2,2,2,0,0,0.004374749000000039,0.004374749000000039,0.006565641500000027,0.006760387500000026
234,5,RR,NR,2,2,2,0,0,0.005962633000000023,0.005962633000000023,0.00794080150000002,0.008116638700000019
660,5,RC,WS,2,2,2,0,0,0.0089263215,0.0089263215,0.013946439150000005,0.014392671830000007
659,5,RC,WS,2,2,2,0,0,0.003544520499999995,0.003544520499999995,0.003773391849999981,0.00379373596999998
658,5,RC,WS,2,2,2,0,0,0.0164597175,0.0164597175,0.023046313949999994,0.023631789189999995
657,5,RC,WS,2,2,2,0,0,0.00382729599999998,0.00382729599999998,0.005119082199999997,0.005233907639999999
284,5,S,NR,2,2,2,0,0,0.009825146000000007,0.009825146000000007,0.010678245200000014,0.010754076240000014
285,5,S,NR,2,2,2,0,0,0.006277988999999984,0.006277988999999984,0.00898267709999999,0.009223093819999991
286,5,S,NR,2,2,2,0,0,0.010195706999999998,0.010195706999999998,0.011119526400000001,0.011201643680000001
287,5,S,NR,2,2,2,0,0,0.004906202999999998,0.004906202999999998,0.0065275322999999935,0.006671650459999993
288,5,S,NR,2,2,2,0,0,0.003221075000000004,0.003221075000000004,0.0034361957000000206,0.003455317540000022
770,5,S,WS,2,2,2,0,0,0.0041440689999999725,0.0041440689999999725,0.005707421199999984,0.005846385839999985
769,5,S,WS,2,2,2,0,0,0.011895617999999997,0.011895617999999997,0.01511430509999999,0.01540041061999999
233,5,RR,NR,2,1,2,1,1,0.054767253000000016,0.054767253000000016,0.10212121740000003,0.10633045868000005
768,5,S,WS,2,2,2,0,0,0.01165450100000004,0.01165450100000004,0.01773382280000004,0.018274206960000042
75,5,RR,LU,2,1,2,1,1,0.05549234649999997,0.05549234649999997,0.10217301234999994,0.10632240486999994
337,5,RC,PR,2,2,1,0,0,0.016398953999999993,0.016398953999999993,0.02803852440000001,0.029073152880000012
338,5,RC,PR,2,2,2,0,0,0.01154145299999998,0.01154145299999998,0.019539618900000003,0.020250566980000006
339,5,RC,PR,2,2,1,0,0,0.018279264500000003,0.018279264500000003,0.031055484949999997,0.032191148989999994
340,5,RC,PR,2,2,1,0,0,0.017398587500000007,0.017398587500000007,0.026454859550000008,0.02725986151000001
341,5,RC,PR,2,2,2,0,0,0.012757513499999998,0.012757513499999998,0.02014105994999999,0.02079737518999999
74,5,RR,LU,2,2,2,0,0,0.0035897109999999954,0.0035897109999999954,0.004019113599999996,0.004057282719999996
237,5,RR,NR,2,1,2,1,1,0.05439906749999998,0.05439906749999998,0.10172118584999996,0.10592759636999997
236,5,RR,NR,2,1,2,1,1,0.05502757249999998,0.05502757249999998,0.10102953034999998,0.10511859326999998
661,5,RC,WS,2,2,2,0,0,0.010346308500000012,0.010346308500000012,0.015299194350000033,0.015739450870000036
235,5,RR,NR,2,2,2,0,0,0.006088816000000025,0.006088816000000025,0.007364588500000027,0.007477990500000027
767,5,S,WS,2,2,2,0,0,0.004142986000000015,0.004142986000000015,0.004918257699999995,0.0049871707399999935
445,5,S,PR,2,2,2,0,0,0.017212735500000007,0.017212735500000007,0.028380333749999997,0.029373009149999997
77,5,RR,LU,2,1,2,1,1,0.05518706200000002,0.05518706200000002,0.10155456610000002,0.10567612202000003
713,5,RR,WS,2,2,2,0,0,0.00419685000000003,0.00419685000000003,0.005820383400000039,0.00596469748000004
125,5,S,LU,2,1,2,1,1,0.05715402650000001,0.05715402650000001,0.10312564625000004,0.10721201245000003
126,5,S,LU,2,2,2,0,0,0.0030106675000000083,0.0030106675000000083,0.0030437618500000372,0.00304670357000004
716,5,RR,WS,2,2,2,0,0,0.003945135000000016,0.003945135000000016,0.004663391700000005,0.004727236740000004
715,5,RR,WS,2,2,2,0,0,0.0038820984999999864,0.0038820984999999864,0.004622017750000001,0.004687788350000003
499,5,RC,RS,2,2,2,0,0,0.003143207000000009,0.003143207000000009,0.0038322929000000143,0.003893544980000015
714,5,RR,WS,2,2,2,0,0,0.0028136569999999694,0.0028136569999999694,0.0029471926999999508,0.0029590625399999494
446,5,S,PR,2,1,2,1,1,0.0699025635,0.0699025635,0.11031934815,0.11391195123
76,5,RR,LU,2,1,2,1,1,0.05531993399999999,0.05531993399999999,0.10248101399999997,0.10667310999999997
179,5,RC,NR,2,2,2,0,0,0.006194243500000002,0.006194243500000002,0.009526466949999975,0.009822664589999974
180,5,RC,NR,2,2,2,0,0,0.0031148104999999815,0.0031148104999999815,0.003797721949999952,0.0038584251899999493
181,5,RC,NR,2,2,2,0,0,0.008152806999999984,0.008152806999999984,0.012727979500000014,0.013134661500000016
124,5,S,LU,2,1,2,1,1,0.05615144249999998,0.05615144249999998,0.10308188084999997,0.10725347536999998
183,5,RC,NR,2,2,2,0,0,0.004284597000000001,0.004284597000000001,0.005689579799999988,0.0058144671599999875
182,5,RC,NR,2,2,2,0,0,0.006772077999999987,0.006772077999999987,0.009558477099999976,0.009806157019999975
128,5,S,LU,2,0,2,2,2,0.10625074050000002,0.10625074050000002,0.10681823955000004,0.10686868391000004
500,5,RC,RS,2,2,1,0,0,0.003089127499999983,0.003089127499999983,0.004186387250000009,0.004283921450000012
447,5,S,PR,2,1,2,1,1,0.0722872365,0.0722872365,0.11342832225,0.11708530765000001
448,5,S,PR,2,2,2,0,0,0.014258724000000014,0.014258724000000014,0.020652439200000015,0.021220769440000016
449,5,S,PR,2,2,2,0,0,0.020463263499999995,0.020463263499999995,0.029810952849999985,0.030641858569999986
127,5,S,LU,2,1,2,1,1,0.05649840449999999,0.05649840449999999,0.10413472724999998,0.10836906704999999
555,5,RR,RS,2,1,2,1,1,0.055817107999999976,0.055817107999999976,0.10377486889999998,0.10803778097999998
501,5,RC,RS,2,2,2,0,0,0.002367516499999986,0.002367516499999986,0.002468568949999979,0.002477551389999978
554,5,RR,RS,2,2,2,0,0,0.002977155499999995,0.002977155499999995,0.0036806427500000014,0.003743174950000002
553,5,RR,RS,2,2,2,0,0,0.0024501680000000026,0.0024501680000000026,0.0026706311000000175,0.002690227820000019
552,5,RR,RS,2,1,2,1,1,0.05449989050000001,0.05449989050000001,0.10118564225000001,0.10533548685000002
498,5,RC,RS,2,2,2,0,0,0.0035738384999999817,0.0035738384999999817,0.003832827449999965,0.0038558486899999632
497,5,RC,RS,2,2,2,0,0,0.0031283300000000125,0.0031283300000000125,0.003897780500000009,0.003966176100000008
712,5,RR,WS,2,1,2,1,1,0.055913962,0.055913962,0.10185627639999999,0.10594003767999999
502,6,RC,RS,2,2,2,0,0,0.003625808000000008,0.003625808000000008,0.00412180159999998,0.004165889919999978
504,6,RC,RS,2,2,2,0,0,0.007338674000000017,0.007338674000000017,0.01204139000000001,0.012459409200000009
505,6,RC,RS,2,2,2,0,0,0.009664347500000003,0.009664347500000003,0.015320665249999997,0.015823449049999997
506,6,RC,RS,2,2,2,0,0,0.007437015500000005,0.007437015500000005,0.011698143350000004,0.012076910270000003
503,6,RC,RS,2,2,2,0,0,0.009934690999999968,0.009934690999999968,0.01223317309999998,0.012437482619999982
291,6,S,NR,2,2,2,0,0,0.005122244500000012,0.005122244500000012,0.007435387150000014,0.007640999830000014
771,6,S,WS,4,2,4,2,2,0.056528185250000015,0.057230325000000026,0.10937494755,0.10980860631
772,6,S,WS,2,2,2,0,0,0.0037566045000000103,0.0037566045000000103,0.004282434450000002,0.004329174890000002
294,6,S,NR,2,2,2,0,0,0.005489467499999984,0.005489467499999984,0.008301580049999965,0.008551545609999964
293,6,S,NR,2,2,2,0,0,0.005981790000000015,0.005981790000000015,0.0069671460000000265,0.0070547332000000275
292,6,S,NR,2,2,2,0,0,0.005455941000000006,0.005455941000000006,0.006135730799999996,0.006196156559999995
290,6,S,NR,2,1,2,1,1,0.0572631675,0.0572631675,0.10514755995000001,0.10940395039000002
773,6,S,WS,2,1,2,1,1,0.05557833849999999,0.05557833849999999,0.10100903394999998,0.10504731798999999
289,6,S,NR,2,2,2,0,0,0.002998558499999998,0.002998558499999998,0.003687640350000018,0.00374889207000002
560,6,RR,RS,2,2,2,0,0,0.017013662500000026,0.017013662500000026,0.019856331850000037,0.02010901357000004
559,6,RR,RS,2,2,2,0,0,0.01614665999999998,0.01614665999999998,0.01751217059999996,0.01763354931999996
558,6,RR,RS,2,2,2,0,0,0.009428579500000006,0.009428579500000006,0.014743808949999979,0.015216273789999976
774,6,S,WS,2,1,2,1,1,0.0545576435,0.0545576435,0.10045545515000001,0.10453526063000002
775,6,S,WS,2,2,2,0,0,0.0028960385000000033,0.0028960385000000033,0.003559483850000003,0.003618456770000003
507,6,RC,RS,2,2,2,0,0,0.004392182000000022,0.004392182000000022,0.00447538070000002,0.00448277614000002
342,6,RC,PR,2,2,1,0,0,0.038370695500000024,0.038370695500000024,0.04528184365000003,0.04589616793000003
663,6,RC,WS,2,2,2,0,0,0.006036812500000016,0.006036812500000016,0.0075079367500000245,0.007638703350000025
344,6,RC,PR,2,2,1,0,0,0.046295535499999985,0.046295535499999985,0.05118995464999998,0.05162501412999998
664,6,RC,WS,2,2,2,0,0,0.008014112500000004,0.008014112500000004,0.009075118450000003,0.009169430090000003
561,6,RR,RS,2,1,2,1,1,0.05909255349999998,0.05909255349999998,0.10011698304999997,0.10376359900999997
562,6,RR,RS,2,1,2,1,1,0.05633364299999999,0.05633364299999999,0.10389316379999998,0.10812067675999998
397,6,RR,PR,2,2,2,0,0,0.016668701499999994,0.016668701499999994,0.025985803449999973,0.02681399028999997
399,6,RR,PR,2,2,2,0,0,0.015759639499999978,0.015759639499999978,0.02681297105,0.027795489410000002
557,6,RR,RS,2,2,2,0,0,0.008680709000000009,0.008680709000000009,0.013150350200000004,0.013547651640000005
665,6,RC,WS,2,2,2,0,0,0.012351749999999995,0.012351749999999995,0.015080124300000025,0.015322646460000028
401,6,RR,PR,2,1,2,1,1,0.08291422300000001,0.08291422300000001,0.10672309660000004,0.10883944092000004
454,6,S,PR,2,1,2,1,1,0.07609678899999997,0.07609678899999997,0.11210008389999997,0.11530037677999996
453,6,S,PR,2,1,2,1,1,0.074468322,0.074468322,0.1122157989,0.11557113018000001
452,6,S,PR,2,2,2,0,0,0.015889380499999994,0.015889380499999994,0.023169453950000005,0.02381657159000001
451,6,S,PR,4,4,4,0,0,0.029908407999999997,0.030290804500000018,0.053092189249999984,0.05393007784999998
450,6,S,PR,2,2,2,0,0,0.01799629099999997,0.01799629099999997,0.023207691499999974,0.023670927099999975
662,6,RC,WS,2,2,2,0,0,0.008310278000000004,0.008310278000000004,0.011160266599999996,0.011413598919999995
402,6,RR,PR,2,1,2,1,1,0.06931501350000002,0.06931501350000002,0.10759082145000001,0.11099311549000003
343,6,RC,PR,2,2,2,0,0,0.03767615500000002,0.03767615500000002,0.03898404760000002,0.03910030472000003
666,6,RC,WS,2,2,1,0,0,0.01926149099999999,0.01926149099999999,0.0208784346,0.02102216292
721,6,RR,WS,2,0,2,2,2,0.11550494849999998,0.11550494849999998,0.11832799875,0.11857893655
345,6,RC,PR,2,2,1,0,0,0.029943266999999996,0.029943266999999996,0.04233633809999999,0.043437944419999985
346,6,RC,PR,2,2,2,0,0,0.025323724500000033,0.025323724500000033,0.03685223985000004,0.03787699677000004
347,6,RC,PR,2,2,1,0,0,0.03780303999999998,0.03780303999999998,0.05283694779999999,0.054173295159999996
667,6,RC,WS,2,2,2,0,0,0.004138825000000013,0.004138825000000013,0.005739286900000001,0.00588155018
717,6,RR,WS,2,1,2,1,1,0.066047829,0.066047829,0.1149277128,0.11927259136000001
718,6,RR,WS,2,2,2,0,0,0.00243688000000003,0.00243688000000003,0.0026699116000000246,0.002690625520000024
722,6,RR,WS,2,1,2,1,1,0.057976902999999996,0.057976902999999996,0.1071236899,0.11149229318000001
719,6,RR,WS,2,0,2,2,2,0.119451739,0.119451739,0.1195431043,0.11955122566
614,6,S,RS,2,1,2,1,1,0.056494890500000006,0.056494890500000006,0.10517200564999998,0.10949886032999999
613,6,S,RS,2,2,2,0,0,0.0042141149999999905,0.0042141149999999905,0.006101903699999997,0.006269707139999998
612,6,S,RS,2,2,2,0,0,0.0035937559999999757,0.0035937559999999757,0.004584254599999979,0.004672298919999979
611,6,S,RS,2,2,2,0,0,0.0022479685000000027,0.0022479685000000027,0.002524002550000007,0.002548538910000007
610,6,S,RS,2,2,2,0,0,0.005899178999999977,0.005899178999999977,0.006191354999999965,0.006217326199999964
720,6,RR,WS,2,0,2,2,2,0.12141700300000002,0.12141700300000002,0.12270320920000002,0.12281753864000003
615,6,S,RS,2,2,2,0,0,0.0024139960000000293,0.0024139960000000293,0.0024268363000000404,0.002427977660000041
400,6,RR,PR,2,1,2,1,1,0.06869091049999998,0.06869091049999998,0.10694457845,0.11034490448999999
398,6,RR,PR,2,1,2,1,1,0.06758549650000001,0.06758549650000001,0.10544537305000001,0.10881069541000002
188,6,RC,NR,2,2,2,0,0,0.021834995999999995,0.021834995999999995,0.02993777339999999,0.03065802027999999
241,6,RR,NR,2,1,2,1,1,0.0655648385,0.0655648385,0.12105920525000001,0.12599203785000002
240,6,RR,NR,2,2,2,0,0,0.004103985500000018,0.004103985500000018,0.004819851350000004,0.004883483870000003
239,6,RR,NR,2,1,2,1,1,0.0673304415,0.0673304415,0.11903869815000002,0.12363498763000003
184,6,RC,NR,2,2,2,0,0,0.0057743235000000115,0.0057743235000000115,0.007431964650000017,0.0075793105300000175
185,6,RC,NR,2,2,2,0,0,0.006275556999999987,0.006275556999999987,0.006576791499999979,0.0066035678999999785
186,6,RC,NR,2,2,2,0,0,0.00719623350000001,0.00719623350000001,0.008958168450000002,0.00911478489
187,6,RC,NR,2,2,2,0,0,0.005620923999999999,0.005620923999999999,0.006034003299999998,0.0060707214599999984
189,6,RC,NR,2,2,2,0,0,0.013651738999999968,0.013651738999999968,0.014878034899999984,0.014987038979999985
29,6,RC,LU,2,2,1,0,0,0.016286958999999962,0.016286958999999962,0.019551312999999952,0.01984147779999995
28,6,RC,LU,2,2,0,0,0,0.012445996000000015,0.012445996000000015,0.01671870010000003,0.01709849602000003
242,6,RR,NR,2,1,2,1,1,0.05591258399999999,0.05591258399999999,0.10343406089999999,0.10765819218
26,6,RC,LU,2,2,1,0,0,0.021197061499999975,0.021197061499999975,0.024510859249999982,0.024805419049999982
79,6,RR,LU,2,2,2,0,0,0.003259349999999994,0.003259349999999994,0.0032970599999999793,0.0033004119999999783
80,6,RR,LU,2,1,2,1,1,0.05556383199999998,0.05556383199999998,0.10301710509999996,0.10723517381999996
27,6,RC,LU,2,2,1,0,0,0.00807905149999999,0.00807905149999999,0.008094653449999984,0.008096040289999983
82,6,RR,LU,2,1,2,1,1,0.05530675349999997,0.05530675349999997,0.10161090254999995,0.10572682690999995
238,6,RR,NR,2,2,2,0,0,0.015177323499999978,0.015177323499999978,0.021414010749999997,0.02196838295
78,6,RR,LU,2,2,2,0,0,0.004025650999999991,0.004025650999999991,0.004268610500000006,0.004290206900000007
129,6,S,LU,2,1,2,1,1,0.06517201650000001,0.06517201650000001,0.10702009455000003,0.11073992371000002
81,6,RR,LU,2,1,2,1,1,0.056729237499999974,0.056729237499999974,0.10410190884999995,0.10831281296999995
131,6,S,LU,2,1,2,1,1,0.05912631600000001,0.05912631600000001,0.1065900498,0.11080904836000001
132,6,S,LU,2,1,2,1,1,0.0578242125,0.0578242125,0.10371012885,0.10778887697
130,6,S,LU,2,0,2,2,2,0.10952134799999999,0.10952134799999999,0.11147470169999996,0.11164833313999996
134,6,S,LU,2,1,2,1,1,0.07062072949999998,0.07062072949999998,0.11324602864999997,0.11703494412999997
24,6,RC,LU,2,2,1,0,0,0.005547372000000023,0.005547372000000023,0.0063984192000000354,0.0064740678400000366
25,6,RC,LU,2,2,0,0,0,0.019154038500000026,0.019154038500000026,0.020173914450000042,0.02026457009000004
83,6,RR,LU,2,2,2,0,0,0.0053066229999999825,0.0053066229999999825,0.005489650599999993,0.005505919719999993
133,6,S,LU,2,1,2,1,1,0.059509039999999985,0.059509039999999985,0.1071063041,0.11133717202
243,6,RR,NR,2,2,2,0,0,0.006690763999999988,0.006690763999999988,0.009551779399999996,0.009806091879999998
33,7,RC,LU,2,2,0,0,0,0.025751997500000012,0.025751997500000012,0.031120471850000036,0.03159766957000004
196,7,RC,NR,2,2,2,0,0,0.004622395000000001,0.004622395000000001,0.005561706999999994,0.005645201399999993
32,7,RC,LU,2,2,1,0,0,0.008421178000000001,0.008421178000000001,0.009851426499999979,0.009978559699999978
565,7,RR,RS,2,2,2,0,0,0.0033961634999999935,0.0033961634999999935,0.004505804549999997,0.004604439309999998
617,7,S,RS,2,2,2,0,0,0.0055066240000000155,0.0055066240000000155,0.0069654664000000305,0.007095141280000032
618,7,S,RS,2,2,2,0,0,0.005136164999999998,0.005136164999999998,0.007899796800000006,0.008145452960000006
619,7,S,RS,2,2,2,0,0,0.0024398834999999897,0.0024398834999999897,0.002805787950000002,0.0028383127900000033
405,7,RR,PR,2,1,2,1,1,0.06290392900000003,0.06290392900000003,0.099752674,0.103028118
621,7,S,RS,2,2,2,0,0,0.004512113500000026,0.004512113500000026,0.005035953550000016,0.005082517110000015
622,7,S,RS,2,2,2,0,0,0.003486806000000009,0.003486806000000009,0.0035232019999999866,0.0035264371999999843
408,7,RR,PR,2,2,2,0,0,0.022585097000000026,0.022585097000000026,0.03647353790000001,0.03770806598000002
407,7,RR,PR,2,2,2,0,0,0.012549617499999999,0.012549617499999999,0.021206355249999993,0.021975843049999992
406,7,RR,PR,4,4,4,0,0,0.016661312250000004,0.013990184000000017,0.03367060264999999,0.035200366129999994
195,7,RC,NR,2,2,2,0,0,0.004146404500000006,0.004146404500000006,0.005499102250000024,0.005619342050000025
404,7,RR,PR,2,2,2,0,0,0.015444544000000004,0.015444544000000004,0.025256982100000012,0.026129198820000015
403,7,RR,PR,2,2,2,0,0,0.02514374250000001,0.02514374250000001,0.04348284315000003,0.04511298543000004
31,7,RC,LU,4,4,1,0,0,0.022598690500000004,0.02369380600000001,0.031668570349999994,0.03236256767
30,7,RC,LU,2,2,0,0,0,0.0075307354999999965,0.0075307354999999965,0.011279518550000011,0.011612743710000014
90,7,RR,LU,2,0,2,2,2,0.10894651050000001,0.10894651050000001,0.11234759475000002,0.11264991335
89,7,RR,LU,2,2,2,0,0,0.005696305999999984,0.005696305999999984,0.008464761799999975,0.008710846759999976
620,7,S,RS,2,2,2,0,0,0.003877969000000009,0.003877969000000009,0.004103751999999997,0.004123821599999996
194,7,RC,NR,2,2,2,0,0,0.013708468000000001,0.013708468000000001,0.020643571899999998,0.021260025579999998
616,7,S,RS,2,2,2,0,0,0.007890450500000007,0.007890450500000007,0.010812818450000008,0.01107258449000001
192,7,RC,NR,2,2,2,0,0,0.0030042644999999923,0.0030042644999999923,0.0037042372500000003,0.003766457050000001
729,7,RR,WS,2,2,2,0,0,0.004223330999999997,0.004223330999999997,0.004473359100000013,0.004495583820000014
728,7,RR,WS,2,1,2,1,1,0.06608418250000003,0.06608418250000003,0.11153749405000003,0.11557778841000003
727,7,RR,WS,2,2,2,0,0,0.004495736,0.004495736,0.005235669199999996,0.005301441039999995
726,7,RR,WS,2,1,2,1,1,0.05699677249999999,0.05699677249999999,0.10517198734999995,0.10945422866999996
725,7,RR,WS,2,2,2,0,0,0.012207375500000006,0.012207375500000006,0.013446024350000002,0.013556126470000002
724,7,RR,WS,2,0,2,2,2,0.1182764915,0.1182764915,0.11851300564999999,0.11853402913
723,7,RR,WS,2,2,2,0,0,0.01399115450000002,0.01399115450000002,0.023678255450000015,0.024539331090000015
35,7,RC,LU,2,2,0,0,0,0.025088792,0.025088792,0.0318656048,0.03246798816
141,7,S,LU,2,1,2,1,1,0.05601040350000003,0.05601040350000003,0.10254300855000001,0.10667924011000002
140,7,S,LU,2,1,2,1,1,0.05538445599999997,0.05538445599999997,0.10245773109999992,0.10664202221999992
139,7,S,LU,2,1,2,1,1,0.05613880399999999,0.05613880399999999,0.10418609689999996,0.10845696737999995
138,7,S,LU,2,1,2,1,1,0.055142997499999985,0.055142997499999985,0.10167746824999993,0.10581386564999994
137,7,S,LU,2,2,2,0,0,0.003371855499999993,0.003371855499999993,0.003529103049999996,0.0035430806099999964
136,7,S,LU,2,2,2,0,0,0.0034481860000000197,0.0034481860000000197,0.0034707490000000342,0.0034727546000000355
135,7,S,LU,2,2,2,0,0,0.0035327230000000154,0.0035327230000000154,0.003686973100000035,0.0037006842200000365
563,7,RR,RS,2,2,2,0,0,0.0028890495000000183,0.0028890495000000183,0.0035809690500000434,0.0036424730100000457
564,7,RR,RS,2,2,2,0,0,0.011237116500000005,0.011237116500000005,0.019272004649999997,0.019986216929999998
567,7,RR,RS,2,2,2,0,0,0.003409117000000017,0.003409117000000017,0.004345673200000011,0.0044289226400000105
193,7,RC,NR,2,2,2,0,0,0.004883142500000021,0.004883142500000021,0.005503838750000015,0.005559011750000014
568,7,RR,RS,2,2,2,0,0,0.0025514500000000107,0.0025514500000000107,0.002866874800000002,0.0028949125600000016
514,7,RC,RS,2,2,2,0,0,0.019465777499999976,0.019465777499999976,0.026669965649999964,0.027310337929999963
191,7,RC,NR,2,2,2,0,0,0.0033455470000000043,0.0033455470000000043,0.0033700809999999805,0.0033722617999999783
190,7,RC,NR,2,2,2,0,0,0.006816144999999996,0.006816144999999996,0.009609936700000016,0.009858273740000017
88,7,RR,LU,2,1,2,1,1,0.058557790000000026,0.058557790000000026,0.10830894850000002,0.11273127370000001
455,7,S,PR,2,1,2,1,1,0.06771198499999997,0.06771198499999997,0.10751658919999997,0.11105477623999997
456,7,S,PR,2,1,2,1,1,0.0661582305,0.0661582305,0.10292946524999999,0.10619801945
457,7,S,PR,2,1,2,1,1,0.07054946199999998,0.07054946199999998,0.10506925539999998,0.10813768147999997
458,7,S,PR,2,2,2,0,0,0.013994445999999994,0.013994445999999994,0.020769604599999995,0.021371840919999996
459,7,S,PR,2,2,2,0,0,0.013254615999999969,0.013254615999999969,0.022680864999999963,0.023518753799999962
460,7,S,PR,2,2,2,0,0,0.01701072800000003,0.01701072800000003,0.027553022900000015,0.028490115780000016
461,7,S,PR,2,2,2,0,0,0.013383787499999994,0.013383787499999994,0.022472587349999986,0.023280480669999985
34,7,RC,LU,2,2,2,0,0,0.0067620784999999906,0.0067620784999999906,0.008389473350000004,0.008534130670000006
508,7,RC,RS,2,2,2,0,0,0.009491663499999997,0.009491663499999997,0.012820237450000018,0.013116110690000021
509,7,RC,RS,2,2,2,0,0,0.006219732500000019,0.006219732500000019,0.0068172987500000224,0.0068704157500000225
510,7,RC,RS,2,2,2,0,0,0.003384060500000008,0.003384060500000008,0.004539088550000003,0.004641757710000003
511,7,RC,RS,2,2,1,0,0,0.011270384999999994,0.011270384999999994,0.018836452799999962,0.01950899215999996
512,7,RC,RS,2,2,2,0,0,0.0028199294999999847,0.0028199294999999847,0.0033071323499999747,0.003350439269999974
513,7,RC,RS,2,2,1,0,0,0.0165702925,0.0165702925,0.021356835849999995,0.021782306369999997
569,7,RR,RS,2,2,2,0,0,0.005099306999999997,0.005099306999999997,0.006601781399999979,0.006735334679999977
776,7,S,WS,2,1,2,1,1,0.057161919000000005,0.057161919000000005,0.1056284526,0.10993658892000001
566,7,RR,RS,2,2,2,0,0,0.00318852750000001,0.00318852750000001,0.003651344849999996,0.0036924841699999948
778,7,S,WS,2,1,2,1,1,0.07964539449999997,0.07964539449999997,0.11892562764999995,0.12241720392999995
351,7,RC,PR,2,2,2,0,0,0.013966441999999996,0.013966441999999996,0.020016653299999982,0.020554449859999983
350,7,RC,PR,2,2,1,0,0,0.011849174000000018,0.011849174000000018,0.019681598600000027,0.02037781412000003
349,7,RC,PR,2,2,1,0,0,0.011673390000000006,0.011673390000000006,0.019493406300000026,0.02018851886000003
348,7,RC,PR,2,2,1,0,0,0.014441305000000015,0.014441305000000015,0.02370828370000001,0.02453201514000001
244,7,RR,NR,4,4,4,0,0,0.016894214749999997,0.019658174500000014,0.025227262799999973,0.025365383759999968
245,7,RR,NR,4,3,4,1,1,0.04198765975,0.018823228999999997,0.10644078484999994,0.11802056416999995
246,7,RR,NR,2,2,2,0,0,0.002952672999999989,0.002952672999999989,0.0030212629000000075,0.003027359780000009
247,7,RR,NR,2,2,2,0,0,0.004769735999999997,0.004769735999999997,0.006299144699999989,0.006435092139999989
248,7,RR,NR,2,2,2,0,0,0.012411055000000004,0.012411055000000004,0.019432680400000023,0.020056824880000025
780,7,S,WS,2,1,2,1,1,0.059850116000000037,0.059850116000000037,0.10946213000000005,0.11387208680000005
781,7,S,WS,2,2,2,0,0,0.005963171500000017,0.005963171500000017,0.0061718585500000105,0.00619040851000001
674,7,RC,WS,2,2,2,0,0,0.006056644999999999,0.006056644999999999,0.0090994865,0.0093699613
352,7,RC,PR,2,2,1,0,0,0.011691698499999986,0.011691698499999986,0.01942693344999998,0.02011450988999998
295,7,S,NR,2,2,2,0,0,0.0029834894999999917,0.0029834894999999917,0.003726152849999986,0.003792167369999986
777,7,S,WS,4,2,4,2,2,0.07210149425000001,0.07209690300000002,0.1382502858,0.13951463796000002
297,7,S,NR,2,2,2,0,0,0.004703593000000006,0.004703593000000006,0.004821388600000004,0.004831859320000004
298,7,S,NR,2,2,2,0,0,0.0032054279999999824,0.0032054279999999824,0.0038103116999999936,0.0038640791399999945
299,7,S,NR,2,2,2,0,0,0.00636864949999999,0.00636864949999999,0.007945804549999968,0.008085996109999967
668,7,RC,WS,2,2,2,0,0,0.0345974755,0.0345974755,0.04133880354999999,0.04193803270999999
300,7,S,NR,2,2,2,0,0,0.0033676244999999994,0.0033676244999999994,0.003926550150000008,0.003976232430000008
301,7,S,NR,2,2,2,0,0,0.0022079964999999757,0.0022079964999999757,0.0023389730499999927,0.0023506154099999944
669,7,RC,WS,2,2,2,0,0,0.01832903150000001,0.01832903150000001,0.02832459575000004,0.029213090350000043
670,7,RC,WS,2,2,2,0,0,0.009734418500000008,0.009734418500000008,0.013976377250000005,0.014353440250000005
671,7,RC,WS,2,2,1,0,0,0.05187721399999998,0.05187721399999998,0.055484086399999986,0.05580469727999999
672,7,RC,WS,2,2,1,0,0,0.06442659599999997,0.06442659599999997,0.08054866499999996,0.08198173779999997
673,7,RC,WS,2,2,1,0,0,0.03172516550000001,0.03172516550000001,0.04123476305000001,0.04208006061000001
296,7,S,NR,2,2,2,0,0,0.004251442999999994,0.004251442999999994,0.004447033700000011,0.0044644195400000124
353,7,RC,PR,2,2,2,0,0,0.011606732500000022,0.011606732500000022,0.01945645915000003,0.02015421263000003
779,7,S,WS,2,1,2,1,1,0.06392347850000002,0.06392347850000002,0.11690684165000001,0.12161647393000002
85,7,RR,LU,2,1,2,1,1,0.05908814000000001,0.05908814000000001,0.10322982079999998,0.10715352575999999
354,7,RC,PR,2,2,2,0,0,0.013878381500000009,0.013878381500000009,0.023316799850000004,0.024155770370000006
86,7,RR,LU,2,1,2,1,1,0.05780134949999999,0.05780134949999999,0.10315243995000001,0.10718364799000002
87,7,RR,LU,2,2,2,0,0,0.0027669885000000116,0.0027669885000000116,0.002928436350000002,0.002942787270000001
84,7,RR,LU,2,1,2,1,1,0.05483252799999999,0.05483252799999999,0.10036034379999999,0.10440726076
681,8,RC,WS,2,2,2,0,0,0.004058465000000039,0.004058465000000039,0.005353853000000033,0.005468998600000033
682,8,RC,WS,2,2,2,0,0,0.005422540000000031,0.005422540000000031,0.006416280400000002,0.006504612879999999
38,8,RC,LU,2,2,2,0,0,0.0027164574999999913,0.0027164574999999913,0.002813822650000014,0.002822477330000016
355,8,RC,PR,2,2,1,0,0,0.013249214499999995,0.013249214499999995,0.021836222949999994,0.022599512589999995
43,8,RC,LU,2,2,2,0,0,0.0027679964999999807,0.0027679964999999807,0.003082572149999957,0.0031105344299999548
42,8,RC,LU,2,2,1,0,0,0.004230046499999973,0.004230046499999973,0.004321533749999967,0.004329665949999967
41,8,RC,LU,2,2,2,0,0,0.0049615510000000085,0.0049615510000000085,0.005647319499999986,0.005708276699999984
40,8,RC,LU,2,2,1,0,0,0.0044313105000000075,0.0044313105000000075,0.005027978549999984,0.005081015709999982
304,8,S,NR,2,2,2,0,0,0.0030645594999999803,0.0030645594999999803,0.0040219664499999775,0.004107069289999978
736,8,RR,WS,2,2,2,0,0,0.006071850499999976,0.006071850499999976,0.008770073449999976,0.009009915489999977
303,8,S,NR,2,2,2,0,0,0.0034894684999999814,0.0034894684999999814,0.004336942249999964,0.004412273249999963
302,8,S,NR,2,2,2,0,0,0.0028712314999999877,0.0028712314999999877,0.0031891452499999556,0.0032174042499999527
362,8,RC,PR,2,2,1,0,0,0.019819179499999978,0.019819179499999978,0.032800555849999975,0.03395445596999998
37,8,RC,LU,2,2,1,0,0,0.005116979500000007,0.005116979500000007,0.006965443150000017,0.007129751030000017
146,8,S,LU,2,1,2,1,1,0.05645702450000001,0.05645702450000001,0.10291309535000001,0.10704252387000002
145,8,S,LU,2,1,2,1,1,0.059513888000000015,0.059513888000000015,0.11069821190000001,0.11524792958000002
144,8,S,LU,2,1,2,1,1,0.055058686999999995,0.055058686999999995,0.10180042909999999,0.10595525062
361,8,RC,PR,2,2,2,0,0,0.014968069500000014,0.014968069500000014,0.019621266150000004,0.020034883630000003
143,8,S,LU,2,2,2,0,0,0.004136619499999994,0.004136619499999994,0.004505414750000008,0.0045381965500000095
142,8,S,LU,2,1,2,1,1,0.05542288450000002,0.05542288450000002,0.10212215425,0.10627320045000001
468,8,S,PR,2,1,2,1,1,0.06562162149999998,0.06562162149999998,0.10257361314999998,0.10585823462999998
467,8,S,PR,2,1,2,1,1,0.06476780899999998,0.06476780899999998,0.10056151729999999,0.10374318025999998
466,8,S,PR,2,1,2,1,1,0.06757575850000003,0.06757575850000003,0.10631013985000001,0.10975319597000001
36,8,RC,LU,2,2,2,0,0,0.0028813860000000135,0.0028813860000000135,0.003078378000000018,0.003095888400000018
735,8,RR,WS,4,3,4,1,1,0.02956441149999997,0.0038262689999999655,0.09259006549999993,0.10496077069999994
733,8,RR,WS,2,2,2,0,0,0.0031720865000000042,0.0031720865000000042,0.003515074250000039,0.003545562050000042
732,8,RR,WS,2,2,2,0,0,0.0028044795000000122,0.0028044795000000122,0.0030586084500000056,0.003081197690000005
522,8,RC,RS,2,2,2,0,0,0.0030313975000000326,0.0030313975000000326,0.003369823149999995,0.003399905429999992
521,8,RC,RS,2,2,2,0,0,0.010032050000000015,0.010032050000000015,0.016304109500000014,0.016861625900000014
520,8,RC,RS,2,2,2,0,0,0.00859614049999996,0.00859614049999996,0.013222085149999957,0.013633280229999956
519,8,RC,RS,2,2,2,0,0,0.003827689000000023,0.003827689000000023,0.005485716700000037,0.0056330969400000385
518,8,RC,RS,2,2,2,0,0,0.0031219814999999818,0.0031219814999999818,0.003972814049999995,0.004048443609999996
517,8,RC,RS,2,2,2,0,0,0.00887197449999999,0.00887197449999999,0.013728494649999999,0.014160185330000002
516,8,RC,RS,2,2,2,0,0,0.0032503469999999868,0.0032503469999999868,0.003689231099999968,0.003728243019999966
515,8,RC,RS,2,2,2,0,0,0.0028957034999999576,0.0028957034999999576,0.0033704503499999592,0.0034126500699999595
308,8,S,NR,2,2,2,0,0,0.0031111110000000275,0.0031111110000000275,0.0034559910000000276,0.0034866470000000276
309,8,S,NR,2,2,2,0,0,0.004416622999999981,0.004416622999999981,0.005962394599999979,0.006099796519999979
39,8,RC,LU,2,2,2,0,0,0.009563452500000014,0.009563452500000014,0.01511997915,0.01561389263
734,8,RR,WS,2,2,2,0,0,0.004029228499999982,0.004029228499999982,0.004351082449999999,0.0043796916900000005
148,8,S,LU,2,0,2,2,2,0.1081325015,0.1081325015,0.10945984355,0.10957782951
576,8,RR,RS,2,2,2,0,0,0.008397314499999975,0.008397314499999975,0.013222943949999982,0.013651888789999983
573,8,RR,RS,2,2,2,0,0,0.0030599860000000145,0.0030599860000000145,0.0032358558999999953,0.0032514887799999937
572,8,RR,RS,4,4,4,0,0,0.003489067749999991,0.0032681409999999744,0.004782132500000024,0.004983011300000026
571,8,RR,RS,2,2,2,0,0,0.0033619520000000014,0.0033619520000000014,0.0034977871999999966,0.003509861439999996
570,8,RR,RS,2,2,2,0,0,0.0029195394999999846,0.0029195394999999846,0.003468910750000001,0.0035177437500000025
307,8,S,NR,2,1,2,1,1,0.054069169,0.054069169,0.10037346069999997,0.10448939773999996
306,8,S,NR,2,2,2,0,0,0.007081836499999994,0.007081836499999994,0.011698073750000005,0.012108405950000005
305,8,S,NR,2,2,2,0,0,0.005220850499999985,0.005220850499999985,0.007730318249999968,0.007953382049999966
147,8,S,LU,2,2,2,0,0,0.0030963824999999945,0.0030963824999999945,0.0031661968499999806,0.003172402569999979
730,8,RR,WS,2,2,2,0,0,0.002995016499999975,0.002995016499999975,0.0033729170499999933,0.0034065082099999948
731,8,RR,WS,2,2,2,0,0,0.0033912790000000526,0.0033912790000000526,0.003698755000000056,0.0037260862000000564
149,8,S,LU,2,2,2,0,0,0.0035812834999999765,0.0035812834999999765,0.0038864703499999487,0.003913598069999946
464,8,S,PR,2,2,2,0,0,0.013849000500000014,0.013849000500000014,0.022774452150000003,0.023567825630000004
465,8,S,PR,4,3,4,1,1,0.04209160825000001,0.02694532600000002,0.09643142714999998,0.10586616783
462,8,S,PR,2,2,2,0,0,0.013579432500000016,0.013579432500000016,0.021940643550000034,0.02268386231000004
95,8,RR,LU,2,2,2,0,0,0.003754927500000005,0.003754927500000005,0.004150000949999977,0.004185118589999974
94,8,RR,LU,6,5,6,1,1,0.02163281800000001,0.005219962999999994,0.08090709850000001,0.10052751010000002
93,8,RR,LU,2,2,2,0,0,0.004124639499999999,0.004124639499999999,0.00414199194999997,0.004143534389999968
92,8,RR,LU,2,1,2,1,1,0.0560179505,0.0560179505,0.10346227174999999,0.10767954474999998
249,8,RR,NR,2,2,2,0,0,0.00300892849999998,0.00300892849999998,0.0037362468499999827,0.003800897369999983
679,8,RC,WS,2,2,2,0,0,0.00471076849999999,0.00471076849999999,0.005385659149999986,0.005445649429999986
203,8,RC,NR,2,2,2,0,0,0.006321973499999994,0.006321973499999994,0.009439382250000003,0.009716485250000004
91,8,RR,LU,2,2,2,0,0,0.0042072769999999815,0.0042072769999999815,0.004541090599999961,0.00457076291999996
789,8,S,WS,2,1,2,1,1,0.056170683,0.056170683,0.10353041010000005,0.10774016362000007
629,8,S,RS,2,1,2,1,1,0.05960545400000003,0.05960545400000003,0.11065030670000002,0.11518762694000002
628,8,S,RS,2,2,2,0,0,0.009588364500000057,0.009588364500000057,0.012403840350000066,0.012654104870000068
627,8,S,RS,4,3,4,1,1,0.030342472749999988,0.005428336000000006,0.09237653649999995,0.10440106089999995
626,8,S,RS,2,2,2,0,0,0.0033167759999999658,0.0033167759999999658,0.003676195500000007,0.0037081439000000104
625,8,S,RS,2,2,2,0,0,0.003461082000000004,0.003461082000000004,0.003960411900000044,0.004004796780000047
624,8,S,RS,2,1,2,1,1,0.05614282299999998,0.05614282299999998,0.10417712259999999,0.10844683812
416,8,RR,PR,2,2,2,0,0,0.019806657999999977,0.019806657999999977,0.03238533969999994,0.03350344473999994
415,8,RR,PR,2,2,2,0,0,0.014401449499999996,0.014401449499999996,0.02418470915000004,0.025054332230000042
414,8,RR,PR,2,2,2,0,0,0.018006038500000043,0.018006038500000043,0.025400688250000025,0.026057990450000023
413,8,RR,PR,2,2,2,0,0,0.014798235500000007,0.014798235500000007,0.025210113650000004,0.026135613930000006
412,8,RR,PR,2,2,2,0,0,0.018370168500000006,0.018370168500000006,0.031128983850000017,0.03226310077000002
411,8,RR,PR,2,1,2,1,1,0.07364644700000006,0.07364644700000006,0.11422154840000003,0.11782822408000003
410,8,RR,PR,2,2,2,0,0,0.01971525700000004,0.01971525700000004,0.024530435200000016,0.024958451040000013
409,8,RR,PR,2,2,2,0,0,0.014709264,0.014709264,0.024407841299999938,0.02526993705999993
623,8,S,RS,2,2,2,0,0,0.0027680834999999904,0.0027680834999999904,0.0033851518499999705,0.0034400023699999688
356,8,RC,PR,2,2,2,0,0,0.029293688999999984,0.029293688999999984,0.04997862929999998,0.05181729065999999
96,8,RR,LU,2,1,2,1,1,0.056675217,0.056675217,0.10490639879999997,0.10919361495999998
463,8,S,PR,2,2,2,0,0,0.014784276000000013,0.014784276000000013,0.024735594000000014,0.025620155600000014
788,8,S,WS,2,1,2,1,1,0.05634439550000003,0.05634439550000003,0.10374312095000006,0.10795634099000007
677,8,RC,WS,2,2,2,0,0,0.0035880925000000286,0.0035880925000000286,0.004920183850000026,0.005038591970000026
360,8,RC,PR,2,2,2,0,0,0.013852052000000004,0.013852052000000004,0.023419808900000005,0.024270276180000005
359,8,RC,PR,2,2,1,0,0,0.011614496499999988,0.011614496499999988,0.019664317449999965,0.020379857089999964
358,8,RC,PR,2,2,1,0,0,0.018579056999999982,0.018579056999999982,0.028952072699999967,0.029874118539999966
787,8,S,WS,2,2,2,0,0,0.003132475999999995,0.003132475999999995,0.0032454890000000124,0.003255534600000014
786,8,S,WS,2,1,2,1,1,0.058004224500000034,0.058004224500000034,0.10684271145000006,0.11118391029000006
785,8,S,WS,2,1,2,1,1,0.05885735799999997,0.05885735799999997,0.10937025579999994,0.11386029115999995
784,8,S,WS,2,2,2,0,0,0.006312427000000009,0.006312427000000009,0.008398773700000044,0.008584226740000048
783,8,S,WS,2,2,2,0,0,0.007885474000000003,0.007885474000000003,0.011673869200000015,0.012010615440000016
782,8,S,WS,2,1,2,1,1,0.0572663085,0.0572663085,0.10660533855,0.11099103011
357,8,RC,PR,2,2,1,0,0,0.020226350000000004,0.020226350000000004,0.03419319710000002,0.03543469462000002
680,8,RC,WS,2,2,2,0,0,0.004353042500000015,0.004353042500000015,0.005819435449999966,0.005949781489999961
575,8,RR,RS,2,2,2,0,0,0.002803449999999985,0.002803449999999985,0.003344094400000036,0.0033921516800000406
678,8,RC,WS,2,2,2,0,0,0.004693248500000025,0.004693248500000025,0.006123457849999986,0.006250587569999982
574,8,RR,RS,2,2,2,0,0,0.002892908000000083,0.002892908000000083,0.0033107456000000756,0.003347886720000075
676,8,RC,WS,2,2,2,0,0,0.003565929500000009,0.003565929500000009,0.004091065550000017,0.0041377443100000175
255,8,RR,NR,2,2,2,0,0,0.0034413864999999766,0.0034413864999999766,0.003949279449999993,0.003994425489999994
254,8,RR,NR,2,2,2,0,0,0.004231326499999993,0.004231326499999993,0.005421459949999971,0.005527249589999969
253,8,RR,NR,2,2,2,0,0,0.0026904170000000005,0.0026904170000000005,0.0031900690999999703,0.0032344826199999675
252,8,RR,NR,2,2,2,0,0,0.0027865940000000033,0.0027865940000000033,0.003022863800000017,0.003043865560000018
251,8,RR,NR,2,2,2,0,0,0.0024213124999999946,0.0024213124999999946,0.0025287234499999757,0.002538271089999974
250,8,RR,NR,4,2,4,2,2,0.05612243624999999,0.0560032815,0.11001075494999997,0.11035341338999997
197,8,RC,NR,2,2,2,0,0,0.009037448500000017,0.009037448500000017,0.014450924650000009,0.01493212253000001
198,8,RC,NR,2,2,2,0,0,0.004578150500000017,0.004578150500000017,0.0047590959500000115,0.004775179990000011
199,8,RC,NR,2,2,2,0,0,0.0036285815000000055,0.0036285815000000055,0.004733263550000022,0.004831457510000023
200,8,RC,NR,2,2,2,0,0,0.005607779499999993,0.005607779499999993,0.007723832049999993,0.007911925609999993
201,8,RC,NR,2,2,2,0,0,0.0027821590000000063,0.0027821590000000063,0.0029259709000000246,0.002938754180000026
202,8,RC,NR,4,4,4,0,0,0.002975454500000016,0.0030180160000000122,0.0033098752500000162,0.0033248518500000167
675,8,RC,WS,2,2,2,0,0,0.0037629114999999935,0.0037629114999999935,0.00513872395000001,0.005261018390000012
684,9,RC,WS,2,2,2,0,0,0.004985877999999999,0.004985877999999999,0.0067380781000000054,0.006893829220000006
683,9,RC,WS,2,2,2,0,0,0.0030289829999999573,0.0030289829999999573,0.0031346465999999213,0.003144038919999918
102,9,RR,LU,2,2,2,0,0,0.007335142000000017,0.007335142000000017,0.008578598199999992,0.00868912763999999
578,9,RR,RS,2,2,2,0,0,0.005688514500000019,0.005688514500000019,0.008487590550000017,0.008736397310000019
687,9,RC,WS,2,2,2,0,0,0.002861343000000016,0.002861343000000016,0.0030716856000000126,0.0030903827200000123
688,9,RC,WS,2,2,2,0,0,0.00302814899999998,0.00302814899999998,0.0031541787000000155,0.0031653813400000187
689,9,RC,WS,2,2,2,0,0,0.003671931000000017,0.003671931000000017,0.003733653900000028,0.003739140380000029
690,9,RC,WS,2,2,2,0,0,0.003547574499999928,0.003547574499999928,0.00468705144999994,0.004788338289999941
691,9,RC,WS,2,2,2,0,0,0.0041944435000000335,0.0041944435000000335,0.004240011850000042,0.004244062370000043
99,9,RR,LU,2,2,2,0,0,0.006929584000000044,0.006929584000000044,0.008671164100000045,0.008825971220000044
98,9,RR,LU,2,2,2,0,0,0.012551895499999965,0.012551895499999965,0.018662519749999967,0.019205686349999966
97,9,RR,LU,2,1,2,1,1,0.091734557,0.091734557,0.17054593880000002,0.17755139496000003
630,9,S,RS,2,2,2,0,0,0.005848532000000017,0.005848532000000017,0.009067530499999999,0.009353663699999997
631,9,S,RS,2,2,2,0,0,0.005848400000000031,0.005848400000000031,0.008581393100000029,0.008824325820000029
632,9,S,RS,2,2,2,0,0,0.00500837750000005,0.00500837750000005,0.006783835850000042,0.006941654370000041
633,9,S,RS,2,1,2,1,1,0.05671367699999996,0.05671367699999996,0.10542531029999996,0.10975523325999997
634,9,S,RS,2,2,2,0,0,0.003324737500000008,0.003324737500000008,0.003365664549999986,0.003369302509999984
635,9,S,RS,2,2,2,0,0,0.003394305000000014,0.003394305000000014,0.003865565700000015,0.003907455540000015
636,9,S,RS,2,2,2,0,0,0.0028430919999999915,0.0028430919999999915,0.003191155299999915,0.003222094259999908
637,9,S,RS,2,2,2,0,0,0.0034831965000000076,0.0034831965000000076,0.004486186650000018,0.004575341330000019
638,9,S,RS,2,2,2,0,0,0.008272495499999977,0.008272495499999977,0.01224418334999997,0.01259722226999997
100,9,RR,LU,2,1,2,1,1,0.10320876750000002,0.10320876750000002,0.19207413434999998,0.19997327806999998
577,9,RR,RS,2,2,2,0,0,0.003248872499999944,0.003248872499999944,0.0035872144499999757,0.0036172892899999786
101,9,RR,LU,2,1,2,1,1,0.059416498499999915,0.059416498499999915,0.1068453604499999,0.1110612592899999
104,9,RR,LU,2,1,2,1,1,0.10367837200000007,0.10367837200000007,0.19177655410000005,0.19960750362000007
579,9,RR,RS,2,2,2,0,0,0.004670253000000013,0.004670253000000013,0.006143265900000039,0.006274200380000042
580,9,RR,RS,2,2,2,0,0,0.0050576884999999905,0.0050576884999999905,0.006597136249999957,0.006733976049999955
581,9,RR,RS,2,2,2,0,0,0.004754270999999977,0.004754270999999977,0.005849783399999936,0.005947162279999933
582,9,RR,RS,2,2,2,0,0,0.0025136474999999936,0.0025136474999999936,0.0027001774499999464,0.0027167578899999424
583,9,RR,RS,2,1,2,1,1,0.05613966900000003,0.05613966900000003,0.10460731950000003,0.10891555510000005
584,9,RR,RS,2,2,2,0,0,0.002569523500000004,0.002569523500000004,0.002898349750000023,0.002927578750000025
585,9,RR,RS,2,2,2,0,0,0.008061527499999999,0.008061527499999999,0.008966477050000055,0.00904691701000006
44,9,RC,LU,2,2,0,0,0,0.012580794500000048,0.012580794500000048,0.01632705575000004,0.01666005675000004
45,9,RC,LU,2,2,2,0,0,0.006416402500000029,0.006416402500000029,0.008661230650000068,0.008860770930000072
46,9,RC,LU,2,2,2,0,0,0.006005372499999939,0.006005372499999939,0.007211817549999949,0.0073190571099999505
47,9,RC,LU,2,2,2,0,0,0.0035807880000000014,0.0035807880000000014,0.003958879800000032,0.003992487960000034
48,9,RC,LU,2,2,1,0,0,0.004609672499999995,0.004609672499999995,0.00556193954999995,0.005646585509999946
49,9,RC,LU,2,2,2,0,0,0.00605354349999998,0.00605354349999998,0.006727376649999983,0.006787272929999984
50,9,RC,LU,2,2,1,0,0,0.007299295999999955,0.007299295999999955,0.008165462299999954,0.008242454859999953
51,9,RC,LU,2,2,2,0,0,0.0056050094999999245,0.0056050094999999245,0.00780709304999993,0.00800283380999993
52,9,RC,LU,2,2,2,0,0,0.005927170500000023,0.005927170500000023,0.006396743250000026,0.006438483050000026
105,9,RR,LU,2,0,2,2,2,0.17163466500000002,0.17163466500000002,0.1961505219,0.19832970918
103,9,RR,LU,2,1,2,1,1,0.08172952349999996,0.08172952349999996,0.15095007374999994,0.15710301154999995
797,9,S,WS,2,2,2,0,0,0.006754997499999971,0.006754997499999971,0.009195098649999943,0.009411996529999942
743,9,RR,WS,2,2,2,0,0,0.005893328499999961,0.005893328499999961,0.006398524149999923,0.00644343042999992
530,9,RC,RS,2,2,2,0,0,0.0028420270000000247,0.0028420270000000247,0.0028647105999999754,0.002866726919999971
365,9,RC,PR,2,2,1,0,0,0.018151825499999996,0.018151825499999996,0.03034851434999995,0.03143266446999995
366,9,RC,PR,2,2,1,0,0,0.014904161500000013,0.014904161500000013,0.024330102250000006,0.025167963650000007
367,9,RC,PR,2,2,2,0,0,0.015366626999999994,0.015366626999999994,0.024730416899999965,0.025562753779999964
368,9,RC,PR,2,2,1,0,0,0.018628855499999986,0.018628855499999986,0.02717472585000003,0.027934358770000035
369,9,RC,PR,2,2,2,0,0,0.014177488500000057,0.014177488500000057,0.02220493275000002,0.02291848335000002
370,9,RC,PR,2,2,2,0,0,0.016516359499999994,0.016516359499999994,0.027919532749999976,0.028933148149999977
371,9,RC,PR,2,2,1,0,0,0.01927229499999994,0.01927229499999994,0.030281790699999964,0.03126041253999997
212,9,RC,NR,2,2,2,0,0,0.005172727499999974,0.005172727499999974,0.006517077749999989,0.0066365755499999905
211,9,RC,NR,2,2,2,0,0,0.0033196795000000057,0.0033196795000000057,0.003677330050000016,0.003709121210000017
210,9,RC,NR,2,2,2,0,0,0.012891726999999964,0.012891726999999964,0.017714653299999984,0.018143357859999983
209,9,RC,NR,2,2,2,0,0,0.003193810500000005,0.003193810500000005,0.0032950618499999807,0.0033040619699999784
208,9,RC,NR,2,2,2,0,0,0.004312159499999968,0.004312159499999968,0.005475298349999991,0.005578688469999993
531,9,RC,RS,2,2,2,0,0,0.009610622999999985,0.009610622999999985,0.015400696499999983,0.015915369699999984
207,9,RC,NR,2,2,2,0,0,0.0032711049999999964,0.0032711049999999964,0.0033584220999999747,0.003366183619999973
206,9,RC,NR,2,2,2,0,0,0.0037269934999999976,0.0037269934999999976,0.0037529508499999863,0.0037552581699999855
205,9,RC,NR,2,2,2,0,0,0.0034827264999999774,0.0034827264999999774,0.004307290749999954,0.004380585349999951
204,9,RC,NR,2,2,2,0,0,0.005833780500000052,0.005833780500000052,0.00879426345000005,0.00905741749000005
417,9,RR,PR,2,1,2,1,1,0.07737166899999998,0.07737166899999998,0.10622141739999995,0.10878583947999994
418,9,RR,PR,2,2,2,0,0,0.017929740000000027,0.017929740000000027,0.03019504530000002,0.031285294660000025
419,9,RR,PR,4,3,4,1,1,0.04200867450000001,0.02720309300000001,0.09772918439999999,0.10762779528
420,9,RR,PR,2,2,2,0,0,0.018185924500000006,0.018185924500000006,0.029741522649999994,0.030768686929999994
364,9,RC,PR,2,2,1,0,0,0.01635835049999998,0.01635835049999998,0.02518875314999999,0.02597367782999999
421,9,RR,PR,2,2,2,0,0,0.01523962550000002,0.01523962550000002,0.02618215085000006,0.027154819770000067
363,9,RC,PR,2,2,1,0,0,0.017224419499999977,0.017224419499999977,0.027686571649999967,0.02861654072999997
257,9,RR,NR,2,2,2,0,0,0.003664268500000012,0.003664268500000012,0.004573965549999992,0.00465482750999999
795,9,S,WS,2,2,2,0,0,0.003911217500000008,0.003911217500000008,0.0047912262500000025,0.004869449250000002
794,9,S,WS,2,2,2,0,0,0.004498404000000067,0.004498404000000067,0.006739035000000054,0.006938202200000053
793,9,S,WS,2,2,2,0,0,0.004091650999999974,0.004091650999999974,0.004338643399999964,0.004360598279999964
792,9,S,WS,2,2,2,0,0,0.0052526729999999855,0.0052526729999999855,0.006075766199999999,0.00614893004
791,9,S,WS,4,3,4,1,1,0.030328655500000024,0.0033959809999999924,0.09569304875,0.10869444095000001
790,9,S,WS,2,2,2,0,0,0.005559138999999991,0.005559138999999991,0.007075377099999996,0.007210153819999997
264,9,RR,NR,2,2,2,0,0,0.0032037719999999936,0.0032037719999999936,0.0034350864000000426,0.0034556476800000468
263,9,RR,NR,2,2,2,0,0,0.0031616469999999897,0.0031616469999999897,0.0032502600999999853,0.003258136819999985
262,9,RR,NR,2,2,2,0,0,0.0032118050000000675,0.0032118050000000675,0.0039256364000000874,0.003989088080000089
261,9,RR,NR,2,2,2,0,0,0.0034919365000000147,0.0034919365000000147,0.004455944950000034,0.004541634590000037
260,9,RR,NR,2,2,2,0,0,0.0033083805000000133,0.0033083805000000133,0.003493821450000015,0.003510305090000015
310,9,S,NR,2,2,2,0,0,0.005810067499999988,0.005810067499999988,0.006189370250000018,0.00622308605000002
311,9,S,NR,2,2,2,0,0,0.0038980470000000156,0.0038980470000000156,0.004912397400000029,0.00500256188000003
312,9,S,NR,2,1,2,1,1,0.05541451850000001,0.05541451850000001,0.10256039435000003,0.10675113887000004
313,9,S,NR,2,2,2,0,0,0.0034938999999999942,0.0034938999999999942,0.0035666550999999434,0.003573122219999939
314,9,S,NR,2,2,2,0,0,0.0032912754999999683,0.0032912754999999683,0.0037537625499999283,0.0037948725099999246
315,9,S,NR,2,2,2,0,0,0.004587108999999978,0.004587108999999978,0.005719677099999992,0.005820349819999994
316,9,S,NR,4,3,4,1,1,0.030447312500000004,0.005725783000000012,0.09237994779999997,0.10442790075999998
317,9,S,NR,2,2,2,0,0,0.0029823670000000413,0.0029823670000000413,0.0033250393000000046,0.003355499060000001
259,9,RR,NR,2,1,2,1,1,0.056210330500000016,0.056210330500000016,0.10303940545000005,0.10720198989000006
258,9,RR,NR,2,1,2,1,1,0.055869115,0.055869115,0.10430352759999999,0.10860880871999999
256,9,RR,NR,2,2,2,0,0,0.0035092184999999665,0.0035092184999999665,0.004096130549999933,0.004148300509999929
422,9,RR,PR,2,2,2,0,0,0.022580909499999968,0.022580909499999968,0.03647886205000001,0.037714235610000015
796,9,S,WS,2,2,2,0,0,0.006029710500000007,0.006029710500000007,0.007780924650000021,0.007936588130000023
424,9,RR,PR,2,2,2,0,0,0.021256025999999983,0.021256025999999983,0.036088623600000015,0.037407076720000015
476,9,S,PR,2,2,2,0,0,0.017888524000000017,0.017888524000000017,0.028969027900000038,0.02995396158000004
477,9,S,PR,2,1,2,1,1,0.07081188599999999,0.07081188599999999,0.10670132189999999,0.10989149397999999
745,9,RR,WS,2,1,2,1,1,0.058420481000000024,0.058420481000000024,0.10767290180000003,0.11205089476000003
744,9,RR,WS,2,0,2,2,2,0.11058661400000003,0.11058661400000003,0.11285996000000008,0.11306203520000009
685,9,RC,WS,2,2,2,0,0,0.0028746305000000305,0.0028746305000000305,0.0030422676500000854,0.0030571687300000906
742,9,RR,WS,2,2,2,0,0,0.004901378000000012,0.004901378000000012,0.005346571100000019,0.00538614382000002
741,9,RR,WS,2,2,2,0,0,0.004442137999999984,0.004442137999999984,0.005184598400000023,0.005250594880000027
740,9,RR,WS,2,1,2,1,1,0.05839099099999995,0.05839099099999995,0.10367279269999996,0.10769784173999997
739,9,RR,WS,2,1,2,1,1,0.05601581299999997,0.05601581299999997,0.10289347939999995,0.10706038307999995
738,9,RR,WS,2,2,2,0,0,0.0042638915000000055,0.0042638915000000055,0.004878701749999975,0.0049333515499999725
737,9,RR,WS,2,1,2,1,1,0.05700334949999997,0.05700334949999997,0.10534057964999993,0.10963722232999994
158,9,S,LU,2,1,2,1,1,0.071436834,0.071436834,0.1120430547,0.11565249654000001
157,9,S,LU,2,1,2,1,1,0.06847865650000007,0.06847865650000007,0.10466579215000006,0.10788242643000005
156,9,S,LU,2,2,2,0,0,0.008264170000000015,0.008264170000000015,0.009496186300000042,0.009605698860000044
155,9,S,LU,2,0,2,2,2,0.11835843350000003,0.11835843350000003,0.12438369905000007,0.12491927821000007
154,9,S,LU,2,2,2,0,0,0.007722182999999994,0.007722182999999994,0.010337322899999973,0.010569779779999972
153,9,S,LU,2,0,2,2,2,0.12966167099999998,0.12966167099999998,0.13666263059999997,0.13728493811999998
152,9,S,LU,2,2,2,0,0,0.006246454999999984,0.006246454999999984,0.007904718499999974,0.008052119699999973
151,9,S,LU,2,0,2,2,2,0.12553795549999996,0.12553795549999996,0.1258484946499999,0.1258760981299999
150,9,S,LU,2,1,2,1,1,0.06115566250000004,0.06115566250000004,0.11263313034999999,0.11720890526999998
523,9,RC,RS,2,2,2,0,0,0.0035706314999999766,0.0035706314999999766,0.00402555675000002,0.004065994550000024
524,9,RC,RS,2,2,2,0,0,0.0025333639999999824,0.0025333639999999824,0.003017148199999936,0.003060151239999932
525,9,RC,RS,2,2,2,0,0,0.004005225000000001,0.004005225000000001,0.004308480899999978,0.004335436979999976
526,9,RC,RS,2,2,2,0,0,0.003643961000000029,0.003643961000000029,0.0037490135000000147,0.0037583515000000132
527,9,RC,RS,2,2,2,0,0,0.0023425250000000397,0.0023425250000000397,0.002504978600000013,0.0025194189200000105
528,9,RC,RS,2,2,2,0,0,0.003632424500000009,0.003632424500000009,0.004154286349999992,0.00420067406999999
529,9,RC,RS,2,2,2,0,0,0.003673391499999956,0.003673391499999956,0.005150793249999957,0.005282117849999958
475,9,S,PR,2,1,2,1,1,0.09042728299999997,0.09042728299999997,0.10556385739999992,0.10690933067999991
423,9,RR,PR,2,2,2,0,0,0.0203148165,0.0203148165,0.02819391554999996,0.028894279909999956
686,9,RC,WS,2,2,2,0,0,0.003379448000000007,0.003379448000000007,0.004064491100000067,0.004125383820000073
474,9,S,PR,2,2,2,0,0,0.017546394999999937,0.017546394999999937,0.024250052199999955,0.024845932839999956
473,9,S,PR,2,1,2,1,1,0.07367155800000003,0.07367155800000003,0.10997801520000001,0.11320525584000002
472,9,S,PR,2,2,2,0,0,0.01669429799999994,0.01669429799999994,0.023629760099999925,0.024246245619999923
471,9,S,PR,2,1,2,1,1,0.07684633600000002,0.07684633600000002,0.11186060469999998,0.11497298413999998
470,9,S,PR,2,2,2,0,0,0.015681594500000007,0.015681594500000007,0.02603179564999997,0.02695181352999997
469,9,S,PR,2,2,2,0,0,0.04563517499999997,0.04563517499999997,0.08115131430000001,0.08430830446000002
2,10,RC,LU,2,2,0,0,0,0.01925095800000004,0.01925095800000004,0.026209976700000064,0.026828556140000067
9,10,RC,LU,4,4,2,0,0,0.005518948250000016,0.005072044499999984,0.007868973300000042,0.008130244260000044
749,10,S,WS,2,2,2,0,0,0.0023550159999999876,0.0023550159999999876,0.0027777567999999974,0.0028153337599999984
750,10,S,WS,2,1,2,1,1,0.057592838000000035,0.057592838000000035,0.10684408070000004,0.11122196894000004
751,10,S,WS,2,2,2,0,0,0.0027770430000000346,0.0027770430000000346,0.0031156860000000454,0.0031457876000000463
752,10,S,WS,2,1,2,1,1,0.05502297800000003,0.05502297800000003,0.10153073450000007,0.10566475730000006
753,10,S,WS,2,2,2,0,0,0.0061218834999999805,0.0061218834999999805,0.00934522765000001,0.009631747130000012
754,10,S,WS,2,2,2,0,0,0.003455962499999965,0.003455962499999965,0.0040576129500000165,0.004111092990000021
755,10,S,WS,2,2,2,0,0,0.002372205999999988,0.002372205999999988,0.0024937212999999515,0.0025045226599999483
756,10,S,WS,2,2,2,0,0,0.0026783664999999734,0.0026783664999999734,0.0031718873499999856,0.003215755869999987
8,10,RC,LU,2,2,1,0,0,0.007620397999999973,0.007620397999999973,0.011288022199999952,0.011614033239999952
7,10,RC,LU,2,2,1,0,0,0.01208655599999997,0.01208655599999997,0.018849208200000012,0.019450332840000015
6,10,RC,LU,2,2,0,0,0,0.010541846499999952,0.010541846499999952,0.011946210549999952,0.012071042909999953
5,10,RC,LU,2,2,2,0,0,0.014281204500000033,0.014281204500000033,0.021265443450000008,0.021886264690000008
1,10,RC,LU,2,2,1,0,0,0.013561583000000044,0.013561583000000044,0.02114038310000003,0.02181405422000003
55,10,RR,LU,2,0,2,2,2,0.10909816900000002,0.10909816900000002,0.10945586319999995,0.10948765823999994
695,10,RR,WS,2,2,2,0,0,0.0031810675000000233,0.0031810675000000233,0.0033353441500000415,0.003349057630000043
696,10,RR,WS,2,2,2,0,0,0.005342861000000004,0.005342861000000004,0.008019842600000007,0.008257796520000008
697,10,RR,WS,2,2,2,0,0,0.007263916500000023,0.007263916500000023,0.011306673750000029,0.01166602995000003
698,10,RR,WS,2,2,2,0,0,0.005276293999999959,0.005276293999999959,0.006447603499999966,0.006551719899999966
748,10,S,WS,2,2,2,0,0,0.004082546999999992,0.004082546999999992,0.00491364299999999,0.0049875181999999895
694,10,RR,WS,2,1,2,1,1,0.05775962700000001,0.05775962700000001,0.1060656168,0.11035948256
747,10,S,WS,2,2,2,0,0,0.0068625644999999735,0.0068625644999999735,0.01027687424999998,0.010580368449999981
700,10,RR,WS,2,2,2,0,0,0.004191662999999957,0.004191662999999957,0.0056895077999999264,0.005822649559999924
701,10,RR,WS,2,2,2,0,0,0.008475114000000006,0.008475114000000006,0.009933195899999997,0.010062803179999996
693,10,RR,WS,2,2,2,0,0,0.0030112505000000345,0.0030112505000000345,0.0036931395499999937,0.00375375190999999
56,10,RR,LU,2,1,2,1,1,0.057942248500000015,0.057942248500000015,0.10607215915000003,0.11035037343000002
702,10,RR,WS,2,2,2,0,0,0.005792472499999979,0.005792472499999979,0.007094287849999975,0.007210004769999975
3,10,RC,LU,2,2,2,0,0,0.009102663499999997,0.009102663499999997,0.010547915449999935,0.010676382289999928
4,10,RC,LU,2,2,1,0,0,0.009233422499999977,0.009233422499999977,0.010653730050000004,0.010779979610000007
699,10,RR,WS,2,1,2,1,1,0.05669737050000001,0.05669737050000001,0.10551531315000003,0.10985468583000003
54,10,RR,LU,2,1,2,1,1,0.057465488000000065,0.057465488000000065,0.10262566460000007,0.10663990252000008
274,10,S,NR,2,2,2,0,0,0.0029665410000000447,0.0029665410000000447,0.003016863600000086,0.0030213367200000894
58,10,RR,LU,2,2,2,0,0,0.012380745500000068,0.012380745500000068,0.015431300450000069,0.015702460890000068
222,10,RR,NR,2,1,2,1,1,0.056502671000000004,0.056502671000000004,0.10340962069999993,0.10757912733999993
221,10,RR,NR,2,1,2,1,1,0.055446476500000064,0.055446476500000064,0.10319807395000005,0.10744266039000006
220,10,RR,NR,2,2,2,0,0,0.003971696500000038,0.003971696500000038,0.005209954750000065,0.005320022150000067
219,10,RR,NR,2,2,2,0,0,0.003327600999999958,0.003327600999999958,0.003636435999999921,0.0036638879999999173
218,10,RR,NR,2,2,2,0,0,0.005507965999999975,0.005507965999999975,0.00574523119999999,0.005766321439999991
217,10,RR,NR,2,2,2,0,0,0.0035297115000000046,0.0035297115000000046,0.004357851450000047,0.004431463890000051
216,10,RR,NR,2,1,2,1,1,0.05626316849999999,0.05626316849999999,0.10492356705,0.10924893581
215,10,RR,NR,2,2,2,0,0,0.0036284775000000047,0.0036284775000000047,0.0038723599500000206,0.003894038390000022
214,10,RR,NR,2,2,2,0,0,0.004659863500000028,0.004659863500000028,0.006679418050000085,0.006858934010000091
426,10,S,PR,2,2,2,0,0,0.014070876500000051,0.014070876500000051,0.023099897450000084,0.023902477090000086
427,10,S,PR,2,2,2,0,0,0.013952095000000025,0.013952095000000025,0.022680913300000036,0.023456808260000038
428,10,S,PR,2,2,2,0,0,0.014359400500000008,0.014359400500000008,0.02385158935000003,0.024695339470000032
429,10,S,PR,2,2,2,0,0,0.014577765999999992,0.014577765999999992,0.023507008899999998,0.02430071938
430,10,S,PR,2,1,2,1,1,0.06635759350000003,0.06635759350000003,0.10255254115000001,0.10576986983
431,10,S,PR,2,2,2,0,0,0.014815687500000008,0.014815687500000008,0.024522611850000035,0.025385449570000038
432,10,S,PR,2,2,2,0,0,0.014067967000000015,0.014067967000000015,0.023630158300000047,0.02448013086000005
433,10,S,PR,2,1,2,1,1,0.06817448799999998,0.06817448799999998,0.10517248899999998,0.10846120019999998
434,10,S,PR,2,2,2,0,0,0.028862636999999997,0.028862636999999997,0.050980373699999984,0.052946394739999986
435,10,S,PR,2,2,2,0,0,0.013635550999999968,0.013635550999999968,0.023110919299999935,0.023953174259999935
169,10,RC,NR,2,2,2,0,0,0.007593940999999993,0.007593940999999993,0.011293260500000001,0.011622088900000003
479,10,RC,RS,2,2,2,0,0,0.0039058200000000043,0.0039058200000000043,0.003921948000000059,0.003923381600000064
480,10,RC,RS,2,2,2,0,0,0.004285296999999966,0.004285296999999966,0.005721210999999909,0.005848847799999905
481,10,RC,RS,4,4,4,0,0,0.004389918999999992,0.004690649000000047,0.0056227202499999455,0.0057210800499999295
223,10,RR,NR,2,2,2,0,0,0.002461005500000002,0.002461005500000002,0.002689272050000019,0.0027095624100000205
382,10,RR,PR,2,2,2,0,0,0.015790872999999983,0.015790872999999983,0.027263872299999995,0.028283694459999998
381,10,RR,PR,2,2,2,0,0,0.015317980499999995,0.015317980499999995,0.026009404950000037,0.02695975379000004
380,10,RR,PR,2,2,2,0,0,0.015308297499999957,0.015308297499999957,0.02424117234999996,0.025035205669999963
273,10,S,NR,2,2,2,0,0,0.0034961424999999935,0.0034961424999999935,0.0037634807500000283,0.0037872441500000314
272,10,S,NR,2,2,2,0,0,0.0024632385000000756,0.0024632385000000756,0.0027931978500000732,0.0028225275700000728
271,10,S,NR,2,2,2,0,0,0.0034095490000000117,0.0034095490000000117,0.0039623758000000954,0.004011515960000103
270,10,S,NR,2,2,2,0,0,0.005666967000000023,0.005666967000000023,0.007463066400000029,0.007622719680000029
269,10,S,NR,2,2,2,0,0,0.003413964500000005,0.003413964500000005,0.004182121249999995,0.004250401849999995
268,10,S,NR,2,2,2,0,0,0.003917281500000036,0.003917281500000036,0.004593695850000079,0.0046538215700000825
267,10,S,NR,2,2,2,0,0,0.0025059955000000245,0.0025059955000000245,0.0027100070499999685,0.0027281414099999636
266,10,S,NR,2,1,2,1,1,0.05390499999999998,0.05390499999999998,0.09992407270000002,0.10401465694000002
319,10,RC,PR,2,2,2,0,0,0.013823746500000011,0.013823746500000011,0.023142183150000013,0.023970488630000012
320,10,RC,PR,2,2,2,0,0,0.016688357000000043,0.016688357000000043,0.023272772299999998,0.023858053659999996
321,10,RC,PR,2,2,2,0,0,0.03890136150000001,0.03890136150000001,0.045119602350000024,0.045672334870000025
482,10,RC,RS,2,2,2,0,0,0.007269329500000032,0.007269329500000032,0.011536794249999992,0.011916124449999989
322,10,RC,PR,2,2,2,0,0,0.015362898999999985,0.015362898999999985,0.02286853989999996,0.02353570797999996
324,10,RC,PR,2,2,1,0,0,0.014490912000000022,0.014490912000000022,0.02486749080000003,0.02578985336000003
325,10,RC,PR,4,4,3,0,0,0.015671448749999983,0.016872868000000013,0.025803105899999974,0.02601600917999997
326,10,RC,PR,2,2,1,0,0,0.028355686000000047,0.028355686000000047,0.04920446770000006,0.05105769274000006
327,10,RC,PR,2,2,2,0,0,0.014436013000000025,0.014436013000000025,0.02395032070000003,0.024796036940000033
373,10,RR,PR,2,2,2,0,0,0.01651351450000005,0.01651351450000005,0.028341327550000066,0.02939268871000007
374,10,RR,PR,2,2,2,0,0,0.01743689300000001,0.01743689300000001,0.026137510699999998,0.026910898939999997
375,10,RR,PR,2,1,2,1,1,0.06384533849999996,0.06384533849999996,0.10000521674999996,0.10321942814999996
376,10,RR,PR,2,2,2,0,0,0.014490210000000003,0.014490210000000003,0.023742126299999982,0.02456451885999998
377,10,RR,PR,2,2,2,0,0,0.015521386500000012,0.015521386500000012,0.025911563850000017,0.02683513517000002
378,10,RR,PR,2,2,2,0,0,0.016029695499999996,0.016029695499999996,0.026475883449999998,0.027404433489999998
379,10,RR,PR,2,2,2,0,0,0.017605091500000003,0.017605091500000003,0.026206355949999992,0.026970912789999992
323,10,RC,PR,2,2,2,0,0,0.015857191999999964,0.015857191999999964,0.02318220289999994,0.02383331497999994
483,10,RC,RS,2,2,2,0,0,0.003091289499999983,0.003091289499999983,0.0032748791499999596,0.0032911982299999574
484,10,RC,RS,2,2,2,0,0,0.002274013000000019,0.002274013000000019,0.0025299244000000108,0.0025526720800000103
485,10,RC,RS,2,2,2,0,0,0.004565486499999993,0.004565486499999993,0.006797686750000009,0.00699610455000001
591,10,S,RS,2,2,2,0,0,0.003381723999999975,0.003381723999999975,0.0035791335999999343,0.0035966811199999306
592,10,S,RS,2,2,2,0,0,0.005482125500000046,0.005482125500000046,0.00644949545000002,0.006535483890000018
593,10,S,RS,4,4,4,0,0,0.0037591755000000032,0.0031496940000000084,0.006063420149999984,0.006393391229999986
594,10,S,RS,2,2,2,0,0,0.0030470250000000088,0.0030470250000000088,0.0031030283999999827,0.0031080064799999803
595,10,S,RS,2,2,2,0,0,0.006441045000000006,0.006441045000000006,0.009862017900000016,0.010166104380000018
111,10,S,LU,6,3,6,3,3,0.06303506599999996,0.07075589099999996,0.11223204299999995,0.11233816059999993
110,10,S,LU,2,2,2,0,0,0.00430633250000001,0.00430633250000001,0.004624368649999988,0.004652638529999986
109,10,S,LU,2,1,2,1,1,0.05524854699999998,0.05524854699999998,0.10143090940000002,0.10553600828000004
108,10,S,LU,2,0,2,2,2,0.112361074,0.112361074,0.11245901380000001,0.11246771956000001
107,10,S,LU,2,1,2,1,1,0.06077329150000005,0.06077329150000005,0.11203553965000004,0.11659218393000004
640,10,RC,WS,2,2,2,0,0,0.004162831499999992,0.004162831499999992,0.006477879449999965,0.006683661489999963
590,10,S,RS,2,2,2,0,0,0.005514068499999997,0.005514068499999997,0.008275533549999983,0.008520997109999982
641,10,RC,WS,2,2,2,0,0,0.0049985824999999595,0.0049985824999999595,0.006755597149999992,0.006911776229999995
643,10,RC,WS,4,4,4,0,0,0.004645002249999988,0.003848300499999985,0.008108409099999984,0.008559235419999986
644,10,RC,WS,2,2,2,0,0,0.006204471500000003,0.006204471500000003,0.010074694249999997,0.010418714049999996
645,10,RC,WS,2,2,2,0,0,0.0025078414999999965,0.0025078414999999965,0.0029986794499999967,0.0030423094899999967
646,10,RC,WS,2,2,2,0,0,0.010683941500000016,0.010683941500000016,0.017520254650000015,0.018127926930000017
647,10,RC,WS,2,2,2,0,0,0.002793694499999999,0.002793694499999999,0.0036126544500000024,0.003685450890000003
648,10,RC,WS,2,2,2,0,0,0.003453973000000027,0.003453973000000027,0.003747612400000019,0.0037737136800000187
63,10,RR,LU,2,1,2,1,1,0.05849824250000002,0.05849824250000002,0.10453415734999999,0.10862623867
62,10,RR,LU,2,1,2,1,1,0.058016762,0.058016762,0.10266663499999998,0.10663551259999998
61,10,RR,LU,2,1,2,1,1,0.059764490500000045,0.059764490500000045,0.10787786275000007,0.11215460695000007
60,10,RR,LU,2,2,2,0,0,0.003822755499999997,0.003822755499999997,0.004042020249999956,0.004061510449999952
59,10,RR,LU,2,1,2,1,1,0.05695162599999998,0.05695162599999998,0.10442506809999999,0.10864492962
642,10,RC,WS,2,2,2,0,0,0.002231796000000008,0.002231796000000008,0.002593176599999991,0.00262529931999999
57,10,RR,LU,2,0,2,2,2,0.12568685350000003,0.12568685350000003,0.14017679545000009,0.1414647902900001
589,10,S,RS,2,1,2,1,1,0.05618042850000002,0.05618042850000002,0.10352204625000003,0.10773019005000004
587,10,S,RS,2,2,2,0,0,0.002497482999999995,0.002497482999999995,0.0029462311000000045,0.0029861198200000056
486,10,RC,RS,2,2,2,0,0,0.0032639060000000386,0.0032639060000000386,0.0036056603000000353,0.003636038460000035
487,10,RC,RS,2,2,2,0,0,0.002689914999999987,0.002689914999999987,0.00322094109999998,0.003268143419999979
168,10,RC,NR,2,2,2,0,0,0.0062513805000000144,0.0062513805000000144,0.008447975849999961,0.008643228769999957
167,10,RC,NR,2,2,2,0,0,0.006099947500000036,0.006099947500000036,0.008810426650000031,0.00905135813000003
166,10,RC,NR,2,2,2,0,0,0.004134342999999985,0.004134342999999985,0.0042347344000000006,0.004243658080000002
165,10,RC,NR,2,2,2,0,0,0.008390835499999971,0.008390835499999971,0.011993508049999978,0.01231374560999998
164,10,RC,NR,2,2,2,0,0,0.002607770499999995,0.002607770499999995,0.002979374650000005,0.003012406130000006
163,10,RC,NR,2,2,2,0,0,0.008251689499999992,0.008251689499999992,0.01127114495,0.011539540990000001
162,10,RC,NR,2,2,2,0,0,0.005783191500000062,0.005783191500000062,0.008815450350000075,0.009084984470000076
161,10,RC,NR,2,2,2,0,0,0.005539691000000069,0.005539691000000069,0.006187466000000086,0.006245046000000087
160,10,RC,NR,2,2,2,0,0,0.003681069499999967,0.003681069499999967,0.00422279704999991,0.004270950609999905
588,10,S,RS,2,1,2,1,1,0.05433988350000002,0.05433988350000002,0.10052546475,0.10463084975
533,10,RR,RS,2,2,2,0,0,0.0026588680000000364,0.0026588680000000364,0.002699983600000078,0.0027036383200000815
535,10,RR,RS,2,2,2,0,0,0.004673857499999989,0.004673857499999989,0.006534282149999998,0.006699653229999999
536,10,RR,RS,2,2,2,0,0,0.017670907000000013,0.017670907000000013,0.03163829859999996,0.03287984451999996
537,10,RR,RS,2,2,2,0,0,0.004626167000000014,0.004626167000000014,0.005011000700000018,0.005045208140000018
538,10,RR,RS,2,2,2,0,0,0.0026083530000000077,0.0026083530000000077,0.0029512016999999778,0.0029816771399999754
275,10,S,NR,2,2,2,0,0,0.0025432204999999986,0.0025432204999999986,0.0026981523500000716,0.002711924070000078
540,10,RR,RS,2,2,2,0,0,0.0027215600000000117,0.0027215600000000117,0.002917364900000041,0.002934769780000044
541,10,RR,RS,2,1,2,1,1,0.05497059849999997,0.05497059849999997,0.10266155754999995,0.10690075390999995
542,10,RR,RS,2,2,2,0,0,0.01758122349999991,0.01758122349999991,0.030709055949999908,0.03187597438999991
114,10,S,LU,2,2,2,0,0,0.003914130499999946,0.003914130499999946,0.004309354249999914,0.004344485249999911
113,10,S,LU,2,1,2,1,1,0.06127252049999998,0.06127252049999998,0.11300085164999996,0.11759892552999995
112,10,S,LU,2,0,2,2,2,0.12491682050000003,0.12491682050000003,0.13714607135000004,0.13823311587000003
534,10,RR,RS,2,1,2,1,1,0.05479164949999993,0.05479164949999993,0.10203749914999993,0.10623713022999995
539,10,RR,RS,2,2,2,0,0,0.002394755999999998,0.002394755999999998,0.0027780155999999555,0.0028120831199999518
